{"yesterday": {"秋罗(胡春秋)": {"dgmv": 1429783.1500000006, "active_sellers": 56.0, "orders": 2302.0, "_prev": {"dgmv": 180371.58, "active_sellers": 53.0, "orders": 1030.0}}, "莱拉(付艺迪)": {"dgmv": 546969.3500000001, "active_sellers": 71.0, "orders": 1324.0, "_prev": {"dgmv": 52330.28999999999, "active_sellers": 73.0, "orders": 594.0}}, "蕾塞(张嘉悦)": {"dgmv": 435054.1300000001, "active_sellers": 75.0, "orders": 6598.0, "_prev": {"dgmv": 337237.1, "active_sellers": 75.0, "orders": 1097.0}}, "大门(朱锦程)": {"dgmv": 359591.31, "active_sellers": 88.0, "orders": 5391.0, "_prev": {"dgmv": 114782.04999999996, "active_sellers": 89.0, "orders": 1726.0}}, "诺亚(单恩浩)": {"dgmv": 288792.4899999998, "active_sellers": 48.0, "orders": 3995.0, "_prev": {"dgmv": 67462.04000000002, "active_sellers": 63.0, "orders": 1040.0}}, "路歌(李红红)": {"dgmv": 77448.06999999998, "active_sellers": 43.0, "orders": 864.0, "_prev": {"dgmv": 44844.05000000001, "active_sellers": 41.0, "orders": 826.0}}, "全组": {"dgmv": 3137638.5000000005, "active_sellers": 381.0, "orders": 20474.0, "_prev": {"dgmv": 797027.11, "active_sellers": 394.0, "orders": 6313.0}}}, "last_7d": {"秋罗(胡春秋)": {"dgmv": 4773080.500000003, "active_sellers": 95.0, "orders": 16287.0, "_prev": {"dgmv": 3045425.029999998, "active_sellers": 96.0, "orders": 9772.0}}, "蕾塞(张嘉悦)": {"dgmv": 2076776.2799999998, "active_sellers": 138.0, "orders": 16270.0, "_prev": {"dgmv": 893728.1900000002, "active_sellers": 130.0, "orders": 11243.0}}, "莱拉(付艺迪)": {"dgmv": 1530427.04, "active_sellers": 137.0, "orders": 9719.0, "_prev": {"dgmv": 1356919.84, "active_sellers": 141.0, "orders": 10657.0}}, "大门(朱锦程)": {"dgmv": 1407852.9700000004, "active_sellers": 152.0, "orders": 20992.0, "_prev": {"dgmv": 1709415.0999999992, "active_sellers": 143.0, "orders": 23320.0}}, "诺亚(单恩浩)": {"dgmv": 1009477.0299999996, "active_sellers": 112.0, "orders": 13515.0, "_prev": {"dgmv": 830784.33, "active_sellers": 110.0, "orders": 14189.0}}, "路歌(李红红)": {"dgmv": 410914.4699999999, "active_sellers": 81.0, "orders": 6257.0, "_prev": {"dgmv": 748453.5399999997, "active_sellers": 85.0, "orders": 12228.0}}, "全组": {"dgmv": 11208528.290000003, "active_sellers": 715.0, "orders": 83040.0, "_prev": {"dgmv": 8584726.029999997, "active_sellers": 705.0, "orders": 81409.0}}}, "last_14d": {"秋罗(胡春秋)": {"dgmv": 7818505.530000001, "active_sellers": 114.0, "orders": 26059.0, "_prev": {"dgmv": 8528531.550000004, "active_sellers": 117.0, "orders": 18746.0}}, "大门(朱锦程)": {"dgmv": 3117268.069999999, "active_sellers": 166.0, "orders": 44312.0, "_prev": {"dgmv": 1633422.8699999996, "active_sellers": 161.0, "orders": 26889.0}}, "蕾塞(张嘉悦)": {"dgmv": 2970504.4700000007, "active_sellers": 156.0, "orders": 27513.0, "_prev": {"dgmv": 829611.2699999999, "active_sellers": 147.0, "orders": 10743.0}}, "莱拉(付艺迪)": {"dgmv": 2887346.879999998, "active_sellers": 168.0, "orders": 20376.0, "_prev": {"dgmv": 744561.6600000001, "active_sellers": 162.0, "orders": 11428.0}}, "诺亚(单恩浩)": {"dgmv": 1840261.3599999975, "active_sellers": 120.0, "orders": 27704.0, "_prev": {"dgmv": 1076073.1799999995, "active_sellers": 121.0, "orders": 17775.0}}, "路歌(李红红)": {"dgmv": 1159368.009999999, "active_sellers": 99.0, "orders": 18485.0, "_prev": {"dgmv": 1210464.779999999, "active_sellers": 103.0, "orders": 20901.0}}, "全组": {"dgmv": 19793254.319999993, "active_sellers": 823.0, "orders": 164449.0, "_prev": {"dgmv": 14022665.310000002, "active_sellers": 811.0, "orders": 106482.0}}}, "last_30d": {"秋罗(胡春秋)": {"dgmv": 17138659.540000003, "active_sellers": 136.0, "orders": 47648.0, "_prev": {"dgmv": 9576991.169999992, "active_sellers": 137.0, "orders": 51825.0}}, "大门(朱锦程)": {"dgmv": 5030136.410000002, "active_sellers": 181.0, "orders": 76730.0, "_prev": {"dgmv": 6116197.1, "active_sellers": 178.0, "orders": 92158.0}}, "蕾塞(张嘉悦)": {"dgmv": 3864055.699999996, "active_sellers": 177.0, "orders": 39281.0, "_prev": {"dgmv": 5577900.510000009, "active_sellers": 177.0, "orders": 39796.0}}, "莱拉(付艺迪)": {"dgmv": 3739966.3299999996, "active_sellers": 196.0, "orders": 33413.0, "_prev": {"dgmv": 3407020.3799999966, "active_sellers": 202.0, "orders": 42961.0}}, "路歌(李红红)": {"dgmv": 3507507.9000000004, "active_sellers": 121.0, "orders": 56121.0, "_prev": {"dgmv": 4345034.41, "active_sellers": 129.0, "orders": 61105.0}}, "诺亚(单恩浩)": {"dgmv": 3289599.5400000033, "active_sellers": 132.0, "orders": 51764.0, "_prev": {"dgmv": 3238872.8199999966, "active_sellers": 138.0, "orders": 45554.0}}, "全组": {"dgmv": 36569925.42, "active_sellers": 943.0, "orders": 304957.0, "_prev": {"dgmv": 32262016.389999993, "active_sellers": 961.0, "orders": 333399.0}}}, "this_month": {"秋罗(胡春秋)": {"dgmv": 16510234.900000008, "active_sellers": 133.0, "orders": 45393.0, "_prev": {"dgmv": 9256852.699999992, "active_sellers": 136.0, "orders": 50785.0}}, "大门(朱锦程)": {"dgmv": 4782872.369999999, "active_sellers": 181.0, "orders": 71821.0, "_prev": {"dgmv": 5843636.129999995, "active_sellers": 177.0, "orders": 87504.0}}, "蕾塞(张嘉悦)": {"dgmv": 3828024.5499999993, "active_sellers": 175.0, "orders": 38688.0, "_prev": {"dgmv": 5094859.610000002, "active_sellers": 175.0, "orders": 38165.0}}, "莱拉(付艺迪)": {"dgmv": 3661055.119999999, "active_sellers": 196.0, "orders": 32294.0, "_prev": {"dgmv": 3272378.0199999986, "active_sellers": 201.0, "orders": 41621.0}}, "诺亚(单恩浩)": {"dgmv": 2976241.389999999, "active_sellers": 132.0, "orders": 46357.0, "_prev": {"dgmv": 3126239.6099999975, "active_sellers": 138.0, "orders": 43977.0}}, "路歌(李红红)": {"dgmv": 2441270.9899999993, "active_sellers": 119.0, "orders": 40348.0, "_prev": {"dgmv": 4259567.839999993, "active_sellers": 128.0, "orders": 59683.0}}, "全组": {"dgmv": 34199699.32000001, "active_sellers": 936.0, "orders": 274901.0, "_prev": {"dgmv": 30853533.90999998, "active_sellers": 955.0, "orders": 321735.0}}}, "this_bimonth": {"秋罗(胡春秋)": {"dgmv": 16510234.900000008, "active_sellers": 133.0, "orders": 45393.0, "_prev": {"dgmv": 15677879.130000006, "active_sellers": 137.0, "orders": 54125.0}}, "大门(朱锦程)": {"dgmv": 4782872.369999999, "active_sellers": 181.0, "orders": 71821.0, "_prev": {"dgmv": 7582966.890000003, "active_sellers": 174.0, "orders": 101454.0}}, "蕾塞(张嘉悦)": {"dgmv": 3828024.5499999993, "active_sellers": 175.0, "orders": 38688.0, "_prev": {"dgmv": 4727598.829999991, "active_sellers": 176.0, "orders": 46039.0}}, "莱拉(付艺迪)": {"dgmv": 3661055.119999999, "active_sellers": 196.0, "orders": 32294.0, "_prev": {"dgmv": 4010861.9399999967, "active_sellers": 193.0, "orders": 39902.0}}, "诺亚(单恩浩)": {"dgmv": 2976241.389999999, "active_sellers": 132.0, "orders": 46357.0, "_prev": {"dgmv": 3659253.1700000004, "active_sellers": 132.0, "orders": 49349.0}}, "路歌(李红红)": {"dgmv": 2441270.9899999993, "active_sellers": 119.0, "orders": 40348.0, "_prev": {"dgmv": 3757658.6699999915, "active_sellers": 113.0, "orders": 62983.0}}, "全组": {"dgmv": 34199699.32000001, "active_sellers": 936.0, "orders": 274901.0, "_prev": {"dgmv": 39416218.629999995, "active_sellers": 925.0, "orders": 353852.0}}}, "last_bimonth": {"秋罗(胡春秋)": {"dgmv": 26190178.78, "active_sellers": 155.0, "orders": 109548.0, "_prev": {"dgmv": 29648313.37999997, "active_sellers": 108.0, "orders": 125057.0}}, "大门(朱锦程)": {"dgmv": 14071230.250000017, "active_sellers": 196.0, "orders": 200948.0, "_prev": {"dgmv": 9129820.120000007, "active_sellers": 160.0, "orders": 135033.0}}, "蕾塞(张嘉悦)": {"dgmv": 10455084.239999987, "active_sellers": 203.0, "orders": 87617.0, "_prev": {"dgmv": 11816100.1, "active_sellers": 185.0, "orders": 109051.0}}, "路歌(李红红)": {"dgmv": 9260460.459999997, "active_sellers": 141.0, "orders": 141472.0, "_prev": {"dgmv": 5938487.640000003, "active_sellers": 105.0, "orders": 71710.0}}, "莱拉(付艺迪)": {"dgmv": 7645328.939999992, "active_sellers": 223.0, "orders": 85638.0, "_prev": {"dgmv": 9282205.31000001, "active_sellers": 181.0, "orders": 94532.0}}, "诺亚(单恩浩)": {"dgmv": 7306129.3500000015, "active_sellers": 148.0, "orders": 101708.0, "_prev": {"dgmv": 9167111.850000022, "active_sellers": 98.0, "orders": 132498.0}},