{"yesterday": {"大门(朱锦程)": {"dgmv": 224752.2, "active_sellers": 83.0, "orders": 2617.0, "_prev": {"dgmv": 623533.2900000003, "active_sellers": 80.0, "orders": 7369.0}}, "秋罗(胡春秋)": {"dgmv": 171789.85999999996, "active_sellers": 50.0, "orders": 659.0, "_prev": {"dgmv": 311311.76999999996, "active_sellers": 48.0, "orders": 1361.0}}, "蕾塞(张嘉悦)": {"dgmv": 113944.58000000002, "active_sellers": 65.0, "orders": 945.0, "_prev": {"dgmv": 53464.159999999974, "active_sellers": 77.0, "orders": 788.0}}, "莱拉(付艺迪)": {"dgmv": 59028.36000000003, "active_sellers": 68.0, "orders": 562.0, "_prev": {"dgmv": 94755.35999999999, "active_sellers": 59.0, "orders": 1010.0}}, "路歌(李红红)": {"dgmv": 52351.26000000001, "active_sellers": 46.0, "orders": 718.0, "_prev": {"dgmv": 80179.03000000001, "active_sellers": 47.0, "orders": 912.0}}, "诺亚(单恩浩)": {"dgmv": 48333.25000000001, "active_sellers": 70.0, "orders": 771.0, "_prev": {"dgmv": 94095.7299999998, "active_sellers": 66.0, "orders": 1676.0}}, "全组": {"dgmv": 670199.51, "active_sellers": 382.0, "orders": 6272.0, "_prev": {"dgmv": 1257339.34, "active_sellers": 377.0, "orders": 13116.0}}}, "last_7d": {"秋罗(胡春秋)": {"dgmv": 3117122.69, "active_sellers": 95.0, "orders": 9406.0, "_prev": {"dgmv": 6794511.999999997, "active_sellers": 104.0, "orders": 9515.0}}, "大门(朱锦程)": {"dgmv": 1814199.6300000001, "active_sellers": 145.0, "orders": 27129.0, "_prev": {"dgmv": 890245.8899999998, "active_sellers": 143.0, "orders": 13513.0}}, "莱拉(付艺迪)": {"dgmv": 1276550.7499999993, "active_sellers": 140.0, "orders": 11180.0, "_prev": {"dgmv": 376975.2699999999, "active_sellers": 133.0, "orders": 5813.0}}, "诺亚(单恩浩)": {"dgmv": 981209.9599999997, "active_sellers": 107.0, "orders": 17756.0, "_prev": {"dgmv": 576473.58, "active_sellers": 103.0, "orders": 9213.0}}, "路歌(李红红)": {"dgmv": 954117.1299999997, "active_sellers": 87.0, "orders": 16154.0, "_prev": {"dgmv": 583741.2099999998, "active_sellers": 86.0, "orders": 9908.0}}, "蕾塞(张嘉悦)": {"dgmv": 908996.7699999999, "active_sellers": 129.0, "orders": 11587.0, "_prev": {"dgmv": 479124.9299999998, "active_sellers": 132.0, "orders": 5728.0}}, "全组": {"dgmv": 9052196.93, "active_sellers": 703.0, "orders": 93212.0, "_prev": {"dgmv": 9701072.879999995, "active_sellers": 701.0, "orders": 53690.0}}}, "last_14d": {"秋罗(胡春秋)": {"dgmv": 9911634.69, "active_sellers": 120.0, "orders": 18921.0, "_prev": {"dgmv": 4444032.320000002, "active_sellers": 117.0, "orders": 23058.0}}, "大门(朱锦程)": {"dgmv": 2704445.5199999996, "active_sellers": 164.0, "orders": 40642.0, "_prev": {"dgmv": 1490017.6599999985, "active_sellers": 156.0, "orders": 27960.0}}, "莱拉(付艺迪)": {"dgmv": 1653526.0199999998, "active_sellers": 168.0, "orders": 16993.0, "_prev": {"dgmv": 1269911.379999999, "active_sellers": 156.0, "orders": 16706.0}}, "诺亚(单恩浩)": {"dgmv": 1557683.5399999998, "active_sellers": 120.0, "orders": 26969.0, "_prev": {"dgmv": 1213424.4999999986, "active_sellers": 115.0, "orders": 19886.0}}, "路歌(李红红)": {"dgmv": 1537858.3399999973, "active_sellers": 105.0, "orders": 26062.0, "_prev": {"dgmv": 2558620.260000005, "active_sellers": 113.0, "orders": 38610.0}}, "蕾塞(张嘉悦)": {"dgmv": 1388121.7, "active_sellers": 148.0, "orders": 17315.0, "_prev": {"dgmv": 3167970.5099999974, "active_sellers": 149.0, "orders": 15314.0}}, "全组": {"dgmv": 18753269.809999995, "active_sellers": 825.0, "orders": 146902.0, "_prev": {"dgmv": 14143976.63, "active_sellers": 806.0, "orders": 141534.0}}}, "last_30d": {"秋罗(胡春秋)": {"dgmv": 16128579.12000001, "active_sellers": 139.0, "orders": 46253.0, "_prev": {"dgmv": 9621158.919999998, "active_sellers": 138.0, "orders": 50502.0}}, "大门(朱锦程)": {"dgmv": 5176834.88, "active_sellers": 182.0, "orders": 79091.0, "_prev": {"dgmv": 7566277.849999992, "active_sellers": 183.0, "orders": 104688.0}}, "蕾塞(张嘉悦)": {"dgmv": 4705403.430000002, "active_sellers": 174.0, "orders": 34944.0, "_prev": {"dgmv": 4041173.729999998, "active_sellers": 174.0, "orders": 41455.0}}, "路歌(李红红)": {"dgmv": 4340011.810000003, "active_sellers": 128.0, "orders": 68215.0, "_prev": {"dgmv": 3880894.8699999964, "active_sellers": 124.0, "orders": 54461.0}}, "莱拉(付艺迪)": {"dgmv": 3076576.669999995, "active_sellers": 196.0, "orders": 35760.0, "_prev": {"dgmv": 3488125.009999994, "active_sellers": 202.0, "orders": 40724.0}}, "诺亚(单恩浩)": {"dgmv": 2979273.879999996, "active_sellers": 136.0, "orders": 49965.0, "_prev": {"dgmv": 3216882.989999999, "active_sellers": 138.0, "orders": 43938.0}}, "全组": {"dgmv": 36406679.79000001, "active_sellers": 955.0, "orders": 314228.0, "_prev": {"dgmv": 31814513.369999975, "active_sellers": 959.0, "orders": 335768.0}}}, "this_month": {"秋罗(胡春秋)": {"dgmv": 11200972.109999994, "active_sellers": 127.0, "orders": 26789.0, "_prev": {"dgmv": 4957670.329999997, "active_sellers": 129.0, "orders": 33576.0}}, "大门(朱锦程)": {"dgmv": 3128066.299999998, "active_sellers": 172.0, "orders": 48299.0, "_prev": {"dgmv": 4042131.5900000003, "active_sellers": 170.0, "orders": 61621.0}}, "路歌(李红红)": {"dgmv": 1974194.3, "active_sellers": 113.0, "orders": 33126.0, "_prev": {"dgmv": 2959987.2399999974, "active_sellers": 114.0, "orders": 40367.0}}, "莱拉(付艺迪)": {"dgmv": 1926312.4899999988, "active_sellers": 181.0, "orders": 21007.0, "_prev": {"dgmv": 2201025.049999997, "active_sellers": 186.0, "orders": 27987.0}}, "诺亚(单恩浩)": {"dgmv": 1919223.5799999984, "active_sellers": 129.0, "orders": 32123.0, "_prev": {"dgmv": 2379547.4599999976, "active_sellers": 132.0, "orders": 31542.0}}, "蕾塞(张嘉悦)": {"dgmv": 1624456.43, "active_sellers": 160.0, "orders": 20768.0, "_prev": {"dgmv": 2049943.7599999998, "active_sellers": 164.0, "orders": 24582.0}}, "全组": {"dgmv": 21773225.20999999, "active_sellers": 882.0, "orders": 182112.0, "_prev": {"dgmv": 18590305.429999992, "active_sellers": 895.0, "orders": 219675.0}}}, "this_bimonth": {"秋罗(胡春秋)": {"dgmv": 11200972.110000007, "active_sellers": 127.0, "orders": 26789.0, "_prev": {"dgmv": 11351192.239999995, "active_sellers": 129.0, "orders": 36851.0}}, "大门(朱锦程)": {"dgmv": 3128066.2999999956, "active_sellers": 172.0, "orders": 48299.0, "_prev": {"dgmv": 4377177.100000001, "active_sellers": 162.0, "orders": 63900.0}}, "路歌(李红红)": {"dgmv": 1974194.2999999977, "active_sellers": 113.0, "orders": 33126.0, "_prev": {"dgmv": 2884532.1799999927, "active_sellers": 104.0, "orders": 50432.0}}, "莱拉(付艺迪)": {"dgmv": 1926312.4899999993, "active_sellers": 181.0, "orders": 21007.0, "_prev": {"dgmv": 2837708.94, "active_sellers": 182.0, "orders": 27793.0}}, "诺亚(单恩浩)": {"dgmv": 1919223.5799999984, "active_sellers": 129.0, "orders": 32123.0, "_prev": {"dgmv": 2953791.779999999, "active_sellers": 127.0, "orders": 38943.0}}, "蕾塞(张嘉悦)": {"dgmv": 1624456.4299999992, "active_sellers": 160.0, "orders": 20768.0, "_prev": {"dgmv": 3160097.279999999, "active_sellers": 166.0, "orders": 30621.0}}, "全组": {"dgmv": 21773225.209999997, "active_sellers": 882.0, "orders": 182112.0, "_prev": {"dgmv": 27564499.519999985, "active_sellers": 870.0, "orders": 248540.0}}}, "last_bimonth": {"秋罗(胡春秋)": {"dgmv": 26190178.780000024, "active_sellers": 155.0, "orders": 109548.0, "_prev": {"dgmv": 29648313.379999973, "active_sellers": 108.0, "orders": 125057.0}}, "大门(朱锦程)": {"dgmv": 14071230.25000001, "active_sellers": 196.0, "orders": 200948.0, "_prev": {"dgmv": 9129820.120000005, "active_sellers": 160.0, "orders": 135033.0}}, "蕾塞(张嘉悦)": {"dgmv": 10455084.24000001, "active_sellers": 203.0, "orders": 87617.0, "_prev": {"dgmv": 11813108.530000031, "active_sellers": 184.0, "orders": 108855.0}}, "路歌(李红红)": {"dgmv": 9260460.460000003, "active_sellers": 141.0, "orders": 141472.0, "_prev": {"dgmv": 5938487.640000001, "active_sellers": 105.0, "orders": 71710.0}}, "莱拉(付艺迪)": {"dgmv": 7645328.939999999, "active_sellers": 223.0, "orders": 85638.0, "_prev": {"dgmv": 9282205.310000012, "active_sellers": 181.0, "orders": 94532.0}}, "诺亚(单恩浩)": {"dgmv": 7306129.350000001, "active_sellers": 148.0, "orders": 101708.0, "_prev": {"dgmv": 9167111.850000001, "active_sellers": 98.0, "orders": 132498.0}}, "全组": {"dgmv": 74928412.02000004,