{"yesterday": {"秋罗(胡春秋)": {"dgmv": 102353.66999999998, "active_sellers": 34.0, "orders": 670.0, "_prev": {"dgmv": 312187.6699999999, "active_sellers": 34.0, "orders": 1425.0}}, "莱拉(付艺迪)": {"dgmv": 78960.12000000002, "active_sellers": 66.0, "orders": 882.0, "_prev": {"dgmv": 37326.40000000002, "active_sellers": 73.0, "orders": 516.0}}, "诺亚(单恩浩)": {"dgmv": 65114.88999999998, "active_sellers": 62.0, "orders": 1209.0, "_prev": {"dgmv": 70910.73000000003, "active_sellers": 70.0, "orders": 1214.0}}, "大门(朱锦程)": {"dgmv": 62998.13000000002, "active_sellers": 78.0, "orders": 1411.0, "_prev": {"dgmv": 83306.91, "active_sellers": 84.0, "orders": 1786.0}}, "蕾塞(张嘉悦)": {"dgmv": 48808.350000000006, "active_sellers": 64.0, "orders": 581.0, "_prev": {"dgmv": 41909.170000000006, "active_sellers": 66.0, "orders": 593.0}}, "路歌(李红红)": {"dgmv": 39429.899999999994, "active_sellers": 40.0, "orders": 649.0, "_prev": {"dgmv": 40238.94000000001, "active_sellers": 37.0, "orders": 767.0}}, "全组": {"dgmv": 397665.06000000006, "active_sellers": 344.0, "orders": 5402.0, "_prev": {"dgmv": 585879.8200000001, "active_sellers": 364.0, "orders": 6301.0}}}, "last_7d": {"秋罗(胡春秋)": {"dgmv": 2838439.3300000005, "active_sellers": 53.0, "orders": 8256.0, "_prev": {"dgmv": 3383022.490000002, "active_sellers": 52.0, "orders": 12151.0}}, "蕾塞(张嘉悦)": {"dgmv": 1512787.3499999992, "active_sellers": 125.0, "orders": 14234.0, "_prev": {"dgmv": 1545221.4700000004, "active_sellers": 137.0, "orders": 11170.0}}, "莱拉(付艺迪)": {"dgmv": 1265046.1099999994, "active_sellers": 137.0, "orders": 8142.0, "_prev": {"dgmv": 1196489.6600000004, "active_sellers": 136.0, "orders": 9981.0}}, "诺亚(单恩浩)": {"dgmv": 999267.7899999992, "active_sellers": 106.0, "orders": 14165.0, "_prev": {"dgmv": 749096.5299999996, "active_sellers": 116.0, "orders": 9970.0}}, "大门(朱锦程)": {"dgmv": 945099.5599999996, "active_sellers": 147.0, "orders": 15709.0, "_prev": {"dgmv": 1405184.9099999988, "active_sellers": 151.0, "orders": 19022.0}}, "路歌(李红红)": {"dgmv": 523725.86, "active_sellers": 64.0, "orders": 7723.0, "_prev": {"dgmv": 369951.04999999993, "active_sellers": 67.0, "orders": 5961.0}}, "全组": {"dgmv": 8084365.999999998, "active_sellers": 632.0, "orders": 68229.0, "_prev": {"dgmv": 8648966.110000001, "active_sellers": 659.0, "orders": 68255.0}}}, "last_14d": {"秋罗(胡春秋)": {"dgmv": 6221461.820000001, "active_sellers": 58.0, "orders": 20407.0, "_prev": {"dgmv": 9161629.450000001, "active_sellers": 64.0, "orders": 12760.0}}, "蕾塞(张嘉悦)": {"dgmv": 3058008.819999999, "active_sellers": 149.0, "orders": 25404.0, "_prev": {"dgmv": 1340997.9300000002, "active_sellers": 152.0, "orders": 17201.0}}, "莱拉(付艺迪)": {"dgmv": 2461535.7700000005, "active_sellers": 162.0, "orders": 18123.0, "_prev": {"dgmv": 1664693.2899999998, "active_sellers": 171.0, "orders": 17530.0}}, "大门(朱锦程)": {"dgmv": 2350284.4699999993, "active_sellers": 168.0, "orders": 34731.0, "_prev": {"dgmv": 2620824.209999999, "active_sellers": 164.0, "orders": 40181.0}}, "诺亚(单恩浩)": {"dgmv": 1748364.3199999987, "active_sellers": 122.0, "orders": 24135.0, "_prev": {"dgmv": 1574082.8299999996, "active_sellers": 121.0, "orders": 27142.0}}, "路歌(李红红)": {"dgmv": 893676.9099999993, "active_sellers": 77.0, "orders": 13684.0, "_prev": {"dgmv": 919362.9700000002, "active_sellers": 83.0, "orders": 16431.0}}, "全组": {"dgmv": 16733332.109999998, "active_sellers": 736.0, "orders": 136484.0, "_prev": {"dgmv": 17281590.68, "active_sellers": 755.0, "orders": 131245.0}}}, "last_30d": {"秋罗(胡春秋)": {"dgmv": 15670268.350000001, "active_sellers": 70.0, "orders": 34250.0, "_prev": {"dgmv": 6600957.619999996, "active_sellers": 73.0, "orders": 33179.0}}, "大门(朱锦程)": {"dgmv": 5133719.979999996, "active_sellers": 186.0, "orders": 77898.0, "_prev": {"dgmv": 5111456.429999994, "active_sellers": 175.0, "orders": 83796.0}}, "蕾塞(张嘉悦)": {"dgmv": 4478558.600000002, "active_sellers": 174.0, "orders": 43958.0, "_prev": {"dgmv": 4944457.619999995, "active_sellers": 173.0, "orders": 35806.0}}, "莱拉(付艺迪)": {"dgmv": 4221556.669999997, "active_sellers": 198.0, "orders": 37072.0, "_prev": {"dgmv": 2995578.289999997, "active_sellers": 196.0, "orders": 39283.0}}, "诺亚(单恩浩)": {"dgmv": 3432332.860000001, "active_sellers": 131.0, "orders": 52962.0, "_prev": {"dgmv": 3106411.0700000008, "active_sellers": 136.0, "orders": 45667.0}}, "路歌(李红红)": {"dgmv": 1896141.7999999993, "active_sellers": 97.0, "orders": 31643.0, "_prev": {"dgmv": 2352932.6799999997, "active_sellers": 102.0, "orders": 42116.0}}, "全组": {"dgmv": 34832578.26, "active_sellers": 856.0, "orders": 277783.0, "_prev": {"dgmv": 25111793.709999982, "active_sellers": 855.0, "orders": 279847.0}}}, "this_month": {"秋罗(胡春秋)": {"dgmv": 458731.66999999975, "active_sellers": 47.0, "orders": 2385.0, "_prev": {"dgmv": 382457.6699999999, "active_sellers": 43.0, "orders": 3249.0}}, "诺亚(单恩浩)": {"dgmv": 207304.83999999994, "active_sellers": 87.0, "orders": 3529.0, "_prev": {"dgmv": 153597.13999999993, "active_sellers": 73.0, "orders": 2088.0}}, "大门(朱锦程)": {"dgmv": 199813.47999999986, "active_sellers": 124.0, "orders": 4257.0, "_prev": {"dgmv": 90298.59000000008, "active_sellers": 104.0, "orders": 1875.0}}, "蕾塞(张嘉悦)": {"dgmv": 188772.31000000006, "active_sellers": 97.0, "orders": 1823.0, "_prev": {"dgmv": 71810.65000000001, "active_sellers": 82.0, "orders": 990.0}}, "莱拉(付艺迪)": {"dgmv": 148292.08000000005, "active_sellers": 97.0, "orders": 1853.0, "_prev": {"dgmv": 95534.58999999997, "active_sellers": 88.0, "orders": 1241.0}}, "路歌(李红红)": {"dgmv": 135855.34, "active_sellers": 54.0, "orders": 2128.0, "_prev": {"dgmv": 56145.58000000004, "active_sellers": 53.0, "orders": 1126.0}}, "全组": {"dgmv": 1338769.7199999997, "active_sellers": 506.0, "orders": 15975.0, "_prev": {"dgmv": 849844.22, "active_sellers": 443.0, "orders": 10569.0}}}, "this_bimonth": {"秋罗(胡春秋)": {"dgmv": 16100868.21999999, "active_sellers": 71.0, "orders": 37703.0, "_prev": {"dgmv": 12423160.480000004, "active_sellers": 73.0, "orders": 34100.0}}, "大门(朱锦程)": {"dgmv": 5253598.57, "active_sellers": 186.0, "orders": 80413.0, "_prev": {"dgmv": 8986695.260000007, "active_sellers": 181.0, "orders": 118309.0}}, "蕾塞(张嘉悦)": {"dgmv": 4569024.670000001, "active_sellers": 179.0, "orders": 45230.0, "_prev": {"dgmv": 5602208.839999998, "active_sellers": 180.0, "orders": 52215.0}}, "莱拉(付艺迪)": {"dgmv": 4332140.799999997, "active_sellers": 204.0, "orders": 38666.0, "_prev": {"dgmv": 4652311.669999997, "active_sellers": 202.0, "orders": 46515.0}}, "诺亚(单恩浩)": {"dgmv": 3619254.6499999953, "active_sellers": 133.0, "orders": 55487.0, "_prev": {"dgmv": 4321885.239999998, "active_sellers": 134.0, "orders": 57654.0}}, "路歌(李红红)": {"dgmv": 1968076.2099999976, "active_sellers": 99.0, "orders": 33092.0, "_prev": {"dgmv": 3386314.659999987, "active_sellers": 89.0, "orders": 64874.0}}, "全组": {"dgmv": 35842963.11999999, "active_sellers": 872.0, "orders": 290591.0, "_prev": {"dgmv": 39372576.14999999, "active_sellers": 859.0, "orders": 373667.0}}}, "last_bimonth": {"秋罗(胡春秋)": {"dgmv": 18749564.889999993, "active_sellers": 78.0, "orders": 65163.0, "_prev": {"dgmv": 21237238.719999988, "active_sellers": 57.0, "orders": 74294.0}}, "大门(朱锦程)": {"dgmv": 14071230.250000022, "active_sellers": 196.0, "orders": 200948.0, "_prev": {"dgmv": 9129820.11999999, "active_sellers": 160.0, "orders": 135033.0}}, "蕾塞(张嘉悦)": {"dgmv": 10535317.810000017, "active_sellers": 204.0, "orders": 87794.0, "_prev": {"dgmv": 11816100.099999996, "active_sellers": 185.0, "orders": 109051.0}}, "莱拉(付艺迪)": {"dgmv": 7645328.939999995, "active_sellers": 223.0, "orders": 85638.0, "_prev": {"dgmv": 9282205.310000004, "active_sellers": 181.0, "orders": 94532.0}}, "诺亚(单恩浩)": {"dgmv": 7306129.349999999, "active_sellers": 148.0, "orders": 101708.0, "_prev": {"dgmv": 9167111.850000015, "active_sellers": 98.0, "orders": 132498.0}}, "路歌(李红红)": {"dgmv": 5694141.549999983, "active_sellers": 109.0, "orders": 106093.0, "_prev": {"dgmv": 5166899.28, "active_sellers": 79.0, "orders": 68114.0}}, "全组": {"dgmv": 64001712.790000014,