{"yesterday": {"秋罗(胡春秋)": {"dgmv": 1599622.5300000005, "active_sellers": 71.0, "orders": 5714.0, "_prev": {"dgmv": 536182.2900000003, "active_sellers": 58.0, "orders": 2317.0}}, "蕾塞(张嘉悦)": {"dgmv": 639224.2699999999, "active_sellers": 81.0, "orders": 2978.0, "_prev": {"dgmv": 126791.84000000008, "active_sellers": 72.0, "orders": 1650.0}}, "莱拉(付艺迪)": {"dgmv": 235156.8600000001, "active_sellers": 72.0, "orders": 2078.0, "_prev": {"dgmv": 204315.58999999997, "active_sellers": 67.0, "orders": 1568.0}}, "大门(朱锦程)": {"dgmv": 220871.4599999999, "active_sellers": 83.0, "orders": 3214.0, "_prev": {"dgmv": 246953.09999999986, "active_sellers": 82.0, "orders": 2530.0}}, "诺亚(单恩浩)": {"dgmv": 200100.2299999999, "active_sellers": 74.0, "orders": 2600.0, "_prev": {"dgmv": 47540.77999999999, "active_sellers": 69.0, "orders": 719.0}}, "路歌(李红红)": {"dgmv": 73010.45999999996, "active_sellers": 49.0, "orders": 1085.0, "_prev": {"dgmv": 56162.220000000016, "active_sellers": 44.0, "orders": 965.0}}, "全组": {"dgmv": 2967985.81, "active_sellers": 430.0, "orders": 17669.0, "_prev": {"dgmv": 1217945.8200000003, "active_sellers": 392.0, "orders": 9749.0}}}, "last_7d": {"秋罗(胡春秋)": {"dgmv": 3360896.659999998, "active_sellers": 102.0, "orders": 13441.0, "_prev": {"dgmv": 5135449.369999998, "active_sellers": 105.0, "orders": 10178.0}}, "大门(朱锦程)": {"dgmv": 1679029.8199999987, "active_sellers": 141.0, "orders": 22063.0, "_prev": {"dgmv": 1187705.4899999998, "active_sellers": 141.0, "orders": 20632.0}}, "蕾塞(张嘉悦)": {"dgmv": 1186508.6700000004, "active_sellers": 133.0, "orders": 9716.0, "_prev": {"dgmv": 860779.4700000007, "active_sellers": 129.0, "orders": 10605.0}}, "莱拉(付艺迪)": {"dgmv": 886785.5099999995, "active_sellers": 139.0, "orders": 8843.0, "_prev": {"dgmv": 1108982.5099999993, "active_sellers": 133.0, "orders": 10130.0}}, "诺亚(单恩浩)": {"dgmv": 819048.4999999991, "active_sellers": 111.0, "orders": 12297.0, "_prev": {"dgmv": 859033.2199999999, "active_sellers": 105.0, "orders": 16111.0}}, "路歌(李红红)": {"dgmv": 490601.4999999999, "active_sellers": 83.0, "orders": 7556.0, "_prev": {"dgmv": 1071279.1199999996, "active_sellers": 88.0, "orders": 18827.0}}, "全组": {"dgmv": 8422870.659999995, "active_sellers": 709.0, "orders": 73916.0, "_prev": {"dgmv": 10223229.179999998, "active_sellers": 701.0, "orders": 86483.0}}}, "last_14d": {"秋罗(胡春秋)": {"dgmv": 8496346.030000003, "active_sellers": 123.0, "orders": 23619.0, "_prev": {"dgmv": 6866252.660000001, "active_sellers": 116.0, "orders": 21895.0}}, "大门(朱锦程)": {"dgmv": 2866735.310000001, "active_sellers": 160.0, "orders": 42695.0, "_prev": {"dgmv": 1571354.81, "active_sellers": 155.0, "orders": 26600.0}}, "蕾塞(张嘉悦)": {"dgmv": 2047288.1400000013, "active_sellers": 152.0, "orders": 20321.0, "_prev": {"dgmv": 1183378.52, "active_sellers": 149.0, "orders": 12254.0}}, "莱拉(付艺迪)": {"dgmv": 1995768.019999997, "active_sellers": 166.0, "orders": 18973.0, "_prev": {"dgmv": 985948.5299999991, "active_sellers": 155.0, "orders": 13926.0}}, "诺亚(单恩浩)": {"dgmv": 1678081.7199999979, "active_sellers": 120.0, "orders": 28408.0, "_prev": {"dgmv": 1204276.2400000005, "active_sellers": 116.0, "orders": 18648.0}}, "路歌(李红红)": {"dgmv": 1561880.6199999996, "active_sellers": 106.0, "orders": 26383.0, "_prev": {"dgmv": 2435587.4700000044, "active_sellers": 110.0, "orders": 37735.0}}, "全组": {"dgmv": 18646099.84, "active_sellers": 827.0, "orders": 160399.0, "_prev": {"dgmv": 14246798.230000006, "active_sellers": 801.0, "orders": 131058.0}}}, "last_30d": {"秋罗(胡春秋)": {"dgmv": 16491471.829999994, "active_sellers": 138.0, "orders": 50010.0, "_prev": {"dgmv": 9492173.400000006, "active_sellers": 139.0, "orders": 49995.0}}, "蕾塞(张嘉悦)": {"dgmv": 5322108.319999992, "active_sellers": 174.0, "orders": 37257.0, "_prev": {"dgmv": 4015604.679999999, "active_sellers": 173.0, "orders": 40828.0}}, "大门(朱锦程)": {"dgmv": 4662287.739999999, "active_sellers": 181.0, "orders": 74346.0, "_prev": {"dgmv": 8334866.149999995, "active_sellers": 181.0, "orders": 111329.0}}, "路歌(李红红)": {"dgmv": 4225651.28000001, "active_sellers": 123.0, "orders": 66722.0, "_prev": {"dgmv": 3926565.779999999, "active_sellers": 128.0, "orders": 55170.0}}, "莱拉(付艺迪)": {"dgmv": 3362909.8499999954, "active_sellers": 191.0, "orders": 37345.0, "_prev": {"dgmv": 3530035.699999997, "active_sellers": 206.0, "orders": 41379.0}}, "诺亚(单恩浩)": {"dgmv": 3018749.0499999993, "active_sellers": 136.0, "orders": 50174.0, "_prev": {"dgmv": 3287110.6000000015, "active_sellers": 138.0, "orders": 45018.0}}, "全组": {"dgmv": 37083178.069999985, "active_sellers": 943.0, "orders": 315854.0, "_prev": {"dgmv": 32586356.309999995, "active_sellers": 965.0, "orders": 343719.0}}}, "this_month": {"秋罗(胡春秋)": {"dgmv": 13336776.929999994, "active_sellers": 131.0, "orders": 34820.0, "_prev": {"dgmv": 6730582.440000005, "active_sellers": 134.0, "orders": 37850.0}}, "大门(朱锦程)": {"dgmv": 3595890.859999998, "active_sellers": 174.0, "orders": 54043.0, "_prev": {"dgmv": 5024503.289999999, "active_sellers": 172.0, "orders": 72110.0}}, "蕾塞(张嘉悦)": {"dgmv": 2390472.5400000014, "active_sellers": 164.0, "orders": 25396.0, "_prev": {"dgmv": 2199254.979999998, "active_sellers": 165.0, "orders": 26897.0}}, "莱拉(付艺迪)": {"dgmv": 2365784.939999999, "active_sellers": 184.0, "orders": 24653.0, "_prev": {"dgmv": 2354164.3199999994, "active_sellers": 196.0, "orders": 30048.0}}, "诺亚(单恩浩)": {"dgmv": 2166864.5899999994, "active_sellers": 130.0, "orders": 35442.0, "_prev": {"dgmv": 2587713.2999999975, "active_sellers": 133.0, "orders": 34652.0}}, "路歌(李红红)": {"dgmv": 2103366.979999998, "active_sellers": 115.0, "orders": 35176.0, "_prev": {"dgmv": 3203520.4499999937, "active_sellers": 119.0, "orders": 43910.0}}, "全组": {"dgmv": 25959156.83999999, "active_sellers": 898.0, "orders": 209530.0, "_prev": {"dgmv": 22099738.779999994, "active_sellers": 919.0, "orders": 245467.0}}}, "this_bimonth": {"秋罗(胡春秋)": {"dgmv": 13336776.929999994, "active_sellers": 131.0, "orders": 34820.0, "_prev": {"dgmv": 12506220.000000007, "active_sellers": 132.0, "orders": 42821.0}}, "大门(朱锦程)": {"dgmv": 3595890.859999998, "active_sellers": 174.0, "orders": 54043.0, "_prev": {"dgmv": 4537098.299999999, "active_sellers": 166.0, "orders": 66933.0}}, "蕾塞(张嘉悦)": {"dgmv": 2390472.5400000014, "active_sellers": 164.0, "orders": 25396.0, "_prev": {"dgmv": 3393014.6999999974, "active_sellers": 170.0, "orders": 32693.0}}, "莱拉(付艺迪)": {"dgmv": 2365784.939999999, "active_sellers": 184.0, "orders": 24653.0, "_prev": {"dgmv": 3050086.2799999965, "active_sellers": 184.0, "orders": 30874.0}}, "诺亚(单恩浩)": {"dgmv": 2166864.5899999994, "active_sellers": 130.0, "orders": 35442.0, "_prev": {"dgmv": 3079791.860000001, "active_sellers": 127.0, "orders": 40769.0}}, "路歌(李红红)": {"dgmv": 2103366.979999998, "active_sellers": 115.0, "orders": 35176.0, "_prev": {"dgmv": 3106425.419999992, "active_sellers": 108.0, "orders": 53316.0}}, "全组": {"dgmv": 25959156.83999999, "active_sellers": 898.0, "orders": 209530.0, "_prev": {"dgmv": 29672636.559999987, "active_sellers": 887.0, "orders": 267406.0}}}, "last_bimonth": {"秋罗(胡春秋)": {"dgmv": 26190178.780000046, "active_sellers": 155.0, "orders": 109548.0, "_prev": {"dgmv": 29648313.380000044, "active_sellers": 108.0, "orders": 125057.0}}, "大门(朱锦程)": {"dgmv": 14071230.250000002, "active_sellers": 196.0, "orders": 200948.0, "_prev": {"dgmv": 9129820.12000002, "active_sellers": 160.0, "orders": 135033.0}}, "蕾塞(张嘉悦)": {"dgmv": 10455084.240000011, "active_sellers": 203.0, "orders": 87617.0, "_prev": {"dgmv": 11813108.530000005, "active_sellers": 184.0, "orders": 108855.0}}, "路歌(李红红)": {"dgmv": 9260460.459999982, "active_sellers": 141.0, "orders": 141472.0, "_prev": {"dgmv": 5938487.640000005, "active_sellers": 105.0, "orders": 71710.0}}, "莱拉(付艺迪)": {"dgmv": 7645328.939999991, "active_sellers": 223.0, "orders": 85638.0, "_prev": {"dgmv": 9282205.30999998, "active_sellers": 181.0, "orders": 94532.0}}, "诺亚(单恩浩)": {"dgmv": 7306129.350000004, "active_sellers": 148.0, "orders": 101708.0, "_prev": {"dgmv": 9167111.850000013,