{"yesterday": {"诺亚(单恩浩)": {"dgmv": 150787.9099999999, "active_sellers": 69.0, "orders": 2182.0}, "大门(朱锦程)": {"dgmv": 131454.53999999995, "active_sellers": 85.0, "orders": 1954.0}, "蕾塞(张嘉悦)": {"dgmv": 63765.590000000026, "active_sellers": 66.0, "orders": 783.0}, "路歌(李红红)": {"dgmv": 57513.69000000001, "active_sellers": 42.0, "orders": 896.0}, "莱拉(付艺迪)": {"dgmv": 52354.360000000015, "active_sellers": 54.0, "orders": 801.0}, "秋罗(胡春秋)": {"dgmv": 48379.48000000002, "active_sellers": 51.0, "orders": 402.0}, "全组": {"dgmv": 504255.5699999999, "active_sellers": 367.0, "orders": 7018.0}}, "last_7d": {"秋罗(胡春秋)": {"dgmv": 2991315.3200000003, "active_sellers": 102.0, "orders": 8703.0}, "莱拉(付艺迪)": {"dgmv": 1255341.0799999991, "active_sellers": 144.0, "orders": 11805.0}, "大门(朱锦程)": {"dgmv": 1191673.9800000004, "active_sellers": 139.0, "orders": 20112.0}, "蕾塞(张嘉悦)": {"dgmv": 926142.8400000003, "active_sellers": 128.0, "orders": 10894.0}, "诺亚(单恩浩)": {"dgmv": 904757.61, "active_sellers": 110.0, "orders": 16775.0}, "路歌(李红红)": {"dgmv": 834778.28, "active_sellers": 87.0, "orders": 14569.0}, "全组": {"dgmv": 8104009.110000001, "active_sellers": 710.0, "orders": 82858.0}}, "last_14d": {"秋罗(胡春秋)": {"dgmv": 9570716.039999997, "active_sellers": 121.0, "orders": 18324.0}, "大门(朱锦程)": {"dgmv": 2029437.0199999998, "active_sellers": 160.0, "orders": 33369.0}, "莱拉(付艺迪)": {"dgmv": 1587548.4699999988, "active_sellers": 170.0, "orders": 16926.0}, "诺亚(单恩浩)": {"dgmv": 1488869.1899999992, "active_sellers": 122.0, "orders": 25386.0}, "路歌(李红红)": {"dgmv": 1353215.6599999997, "active_sellers": 103.0, "orders": 23672.0}, "蕾塞(张嘉悦)": {"dgmv": 1288519.7000000002, "active_sellers": 148.0, "orders": 16506.0}, "全组": {"dgmv": 17318306.079999994, "active_sellers": 824.0, "orders": 134183.0}}, "last_30d": {"秋罗(胡春秋)": {"dgmv": 15648237.990000004, "active_sellers": 140.0, "orders": 46193.0}, "蕾塞(张嘉悦)": {"dgmv": 4709097.499999995, "active_sellers": 173.0, "orders": 35413.0}, "大门(朱锦程)": {"dgmv": 4647840.789999997, "active_sellers": 177.0, "orders": 74344.0}, "路歌(李红红)": {"dgmv": 4292658.970000003, "active_sellers": 125.0, "orders": 67245.0}, "莱拉(付艺迪)": {"dgmv": 3046687.3499999964, "active_sellers": 195.0, "orders": 36565.0}, "诺亚(单恩浩)": {"dgmv": 2999482.0599999963, "active_sellers": 135.0, "orders": 49946.0}, "全组": {"dgmv": 35344004.65999999, "active_sellers": 945.0, "orders": 309706.0}}, "this_month": {"秋罗(胡春秋)": {"dgmv": 10194400.37, "active_sellers": 123.0, "orders": 23048.0}, "大门(朱锦程)": {"dgmv": 2149315.6099999994, "active_sellers": 164.0, "orders": 35884.0}, "莱拉(付艺迪)": {"dgmv": 1698105.7999999986, "active_sellers": 176.0, "orders": 18519.0}, "诺亚(单恩浩)": {"dgmv": 1675790.9799999988, "active_sellers": 126.0, "orders": 27911.0}, "路歌(李红红)": {"dgmv": 1530387.3699999996, "active_sellers": 109.0, "orders": 26197.0}, "蕾塞(张嘉悦)": {"dgmv": 1378817.77, "active_sellers": 155.0, "orders": 17777.0}, "全组": {"dgmv": 18626817.899999995, "active_sellers": 853.0, "orders": 149336.0}}, "this_bimonth": {"秋罗(胡春秋)": {"dgmv": 10194400.37, "active_sellers": 123.0, "orders": 23048.0}, "大门(朱锦程)": {"dgmv": 2149315.6099999994, "active_sellers": 164.0, "orders": 35884.0}, "莱拉(付艺迪)": {"dgmv": 1698105.7999999986, "active_sellers": 176.0, "orders": 18519.0}, "诺亚(单恩浩)": {"dgmv": 1675790.9799999988, "active_sellers": 126.0, "orders": 27911.0}, "路歌(李红红)": {"dgmv": 1530387.3699999996, "active_sellers": 109.0, "orders": 26197.0}, "蕾塞(张嘉悦)": {"dgmv": 1378817.77, "active_sellers": 155.0, "orders": 17777.0}, "全组": {"dgmv": 18626817.899999995, "active_sellers": 853.0, "orders": 149336.0}}, "last_bimonth": {"秋罗(胡春秋)": {"dgmv": 26190178.779999997, "active_sellers": 155.0, "orders": 109548.0}, "大门(朱锦程)": {"dgmv": 14071230.250000004, "active_sellers": 196.0, "orders": 200948.0}, "蕾塞(张嘉悦)": {"dgmv": 10455084.239999982, "active_sellers": 203.0, "orders": 87617.0}, "路歌(李红红)": {"dgmv": 8988133.20999998, "active_sellers": 140.0, "orders": 138400.0}, "莱拉(付艺迪)": {"dgmv": 7645328.939999989, "active_sellers": 223.0, "orders": 85638.0}, "诺亚(单恩浩)": {"dgmv": 7306129.35, "active_sellers": 148.0, "orders": 101708.0}, "全组": {"dgmv": 74656084.76999994, "active_sellers": 1065.0, "orders": 723859.0}}, "yoy_bimonth": {"秋罗(胡春秋)": {"dgmv": 29648313.380000006, "active_sellers": 108.0, "orders": 125057.0}, "蕾塞(张嘉悦)": {"dgmv": 11813108.530000003, "active_sellers": 184.0, "orders": 108855.0}, "莱拉(付艺迪)": {"dgmv": 9282205.309999999, "active_sellers": 181.0, "orders": 94532.0}, "诺亚(单恩浩)": {"dgmv": 9167111.850000015, "active_sellers": 98.0, "orders": 132498.0}, "大门(朱锦程)": {"dgmv": 9129820.120000016, "active_sellers": 160.0, "orders": 135033.0}, "路歌(李红红)": {"dgmv": 5938487.640000009, "active_sellers": 105.0, "orders": 71710.0}, "全组": {"dgmv": 74979046.83000006, "active_sellers": 836.0, "orders": 667685.0}}}