{"yesterday": {"秋罗(胡春秋)": {"dgmv": 726701.71, "active_sellers": 65.0, "orders": 2561.0, "_prev": {"dgmv": 504703.7899999999, "active_sellers": 58.0, "orders": 3111.0}}, "路歌(李红红)": {"dgmv": 602526.0000000001, "active_sellers": 57.0, "orders": 4860.0, "_prev": {"dgmv": 142923.0799999999, "active_sellers": 50.0, "orders": 2097.0}}, "诺亚(单恩浩)": {"dgmv": 277261.66999999987, "active_sellers": 79.0, "orders": 2820.0, "_prev": {"dgmv": 158446.74999999985, "active_sellers": 59.0, "orders": 2781.0}}, "蕾塞(张嘉悦)": {"dgmv": 170700.44999999995, "active_sellers": 69.0, "orders": 1860.0, "_prev": {"dgmv": 381023.3599999999, "active_sellers": 70.0, "orders": 2856.0}}, "莱拉(付艺迪)": {"dgmv": 157444.24, "active_sellers": 74.0, "orders": 1346.0, "_prev": {"dgmv": 359824.74000000017, "active_sellers": 74.0, "orders": 3019.0}}, "大门(朱锦程)": {"dgmv": 99977.57000000002, "active_sellers": 98.0, "orders": 1753.0, "_prev": {"dgmv": 170935.15000000002, "active_sellers": 83.0, "orders": 2582.0}}, "全组": {"dgmv": 2034611.64, "active_sellers": 442.0, "orders": 15200.0, "_prev": {"dgmv": 1717856.8699999996, "active_sellers": 394.0, "orders": 16446.0}}}, "last_7d": {"秋罗(胡春秋)": {"dgmv": 3978971.7599999984, "active_sellers": 97.0, "orders": 13413.0, "_prev": {"dgmv": 3616647.75, "active_sellers": 98.0, "orders": 15006.0}}, "蕾塞(张嘉悦)": {"dgmv": 1640671.4400000004, "active_sellers": 134.0, "orders": 15294.0, "_prev": {"dgmv": 1424024.7400000005, "active_sellers": 134.0, "orders": 11116.0}}, "莱拉(付艺迪)": {"dgmv": 1483353.6900000002, "active_sellers": 136.0, "orders": 9762.0, "_prev": {"dgmv": 1052687.13, "active_sellers": 131.0, "orders": 9261.0}}, "大门(朱锦程)": {"dgmv": 1217596.7099999995, "active_sellers": 156.0, "orders": 19221.0, "_prev": {"dgmv": 1818327.3100000003, "active_sellers": 145.0, "orders": 23005.0}}, "路歌(李红红)": {"dgmv": 1014580.0300000004, "active_sellers": 83.0, "orders": 11154.0, "_prev": {"dgmv": 472142.1699999997, "active_sellers": 78.0, "orders": 6944.0}}, "诺亚(单恩浩)": {"dgmv": 985762.4399999995, "active_sellers": 113.0, "orders": 13753.0, "_prev": {"dgmv": 901184.2999999988, "active_sellers": 114.0, "orders": 12476.0}}, "全组": {"dgmv": 10320936.07, "active_sellers": 719.0, "orders": 82597.0, "_prev": {"dgmv": 9285013.399999999, "active_sellers": 700.0, "orders": 77808.0}}}, "last_14d": {"秋罗(胡春秋)": {"dgmv": 7595619.510000003, "active_sellers": 112.0, "orders": 28419.0, "_prev": {"dgmv": 9626326.59999999, "active_sellers": 120.0, "orders": 18472.0}}, "蕾塞(张嘉悦)": {"dgmv": 3064696.1800000016, "active_sellers": 156.0, "orders": 26410.0, "_prev": {"dgmv": 1243241.53, "active_sellers": 146.0, "orders": 16004.0}}, "大门(朱锦程)": {"dgmv": 3035924.019999998, "active_sellers": 170.0, "orders": 42226.0, "_prev": {"dgmv": 1927562.4799999988, "active_sellers": 159.0, "orders": 32055.0}}, "莱拉(付艺迪)": {"dgmv": 2536040.8199999994, "active_sellers": 161.0, "orders": 19023.0, "_prev": {"dgmv": 1552273.3099999982, "active_sellers": 172.0, "orders": 16549.0}}, "诺亚(单恩浩)": {"dgmv": 1886946.7400000007, "active_sellers": 124.0, "orders": 26229.0, "_prev": {"dgmv": 1371405.9299999997, "active_sellers": 121.0, "orders": 23641.0}}, "路歌(李红红)": {"dgmv": 1486722.2000000011, "active_sellers": 97.0, "orders": 18098.0, "_prev": {"dgmv": 1443599.3800000001, "active_sellers": 104.0, "orders": 25301.0}}, "全组": {"dgmv": 19605949.470000006, "active_sellers": 820.0, "orders": 160405.0, "_prev": {"dgmv": 17164409.22999999, "active_sellers": 822.0, "orders": 132022.0}}}, "last_30d": {"秋罗(胡春秋)": {"dgmv": 17578442.58000002, "active_sellers": 134.0, "orders": 50477.0, "_prev": {"dgmv": 9904188.0, "active_sellers": 136.0, "orders": 52833.0}}, "大门(朱锦程)": {"dgmv": 5021603.660000004, "active_sellers": 186.0, "orders": 75536.0, "_prev": {"dgmv": 6013636.989999992, "active_sellers": 177.0, "orders": 91097.0}}, "蕾塞(张嘉悦)": {"dgmv": 4351839.549999996, "active_sellers": 175.0, "orders": 42972.0, "_prev": {"dgmv": 5097074.749999998, "active_sellers": 173.0, "orders": 38388.0}}, "莱拉(付艺迪)": {"dgmv": 4154702.1399999964, "active_sellers": 201.0, "orders": 36323.0, "_prev": {"dgmv": 3295759.7799999947, "active_sellers": 201.0, "orders": 42036.0}}, "诺亚(单恩浩)": {"dgmv": 3352042.9599999967, "active_sellers": 133.0, "orders": 51080.0, "_prev": {"dgmv": 3456750.1899999976, "active_sellers": 138.0, "orders": 49456.0}}, "路歌(李红红)": {"dgmv": 3115281.869999996, "active_sellers": 121.0, "orders": 46343.0, "_prev": {"dgmv": 5337858.530000006, "active_sellers": 128.0, "orders": 75390.0}}, "全组": {"dgmv": 37573912.76000001, "active_sellers": 950.0, "orders": 302731.0, "_prev": {"dgmv": 33105268.239999987, "active_sellers": 953.0, "orders": 349200.0}}}, "this_month": {"秋罗(胡春秋)": {"dgmv": 17741640.40000001, "active_sellers": 135.0, "orders": 51065.0, "_prev": {"dgmv": 10048475.159999998, "active_sellers": 137.0, "orders": 53628.0}}, "大门(朱锦程)": {"dgmv": 5053785.089999999, "active_sellers": 186.0, "orders": 76156.0, "_prev": {"dgmv": 6123081.6, "active_sellers": 177.0, "orders": 93033.0}}, "蕾塞(张嘉悦)": {"dgmv": 4379748.359999995, "active_sellers": 177.0, "orders": 43404.0, "_prev": {"dgmv": 5158799.57, "active_sellers": 176.0, "orders": 39190.0}}, "莱拉(付艺迪)": {"dgmv": 4183848.7199999965, "active_sellers": 201.0, "orders": 36813.0, "_prev": {"dgmv": 3380435.8099999954, "active_sellers": 203.0, "orders": 43230.0}}, "诺亚(单恩浩)": {"dgmv": 3411949.8099999977, "active_sellers": 133.0, "orders": 51958.0, "_prev": {"dgmv": 3499504.6099999966, "active_sellers": 139.0, "orders": 50262.0}}, "路歌(李红红)": {"dgmv": 3186720.0699999984, "active_sellers": 123.0, "orders": 47305.0, "_prev": {"dgmv": 5397242.950000006, "active_sellers": 129.0, "orders": 76418.0}}, "全组": {"dgmv": 37957692.449999996, "active_sellers": 955.0, "orders": 306701.0, "_prev": {"dgmv": 33607539.699999996, "active_sellers": 961.0, "orders": 355761.0}}}, "this_bimonth": {"秋罗(胡春秋)": {"dgmv": 17741640.40000001, "active_sellers": 135.0, "orders": 51065.0, "_prev": {"dgmv": 16304901.440000003, "active_sellers": 140.0, "orders": 56508.0}}, "大门(朱锦程)": {"dgmv": 5053785.089999999, "active_sellers": 186.0, "orders": 76156.0, "_prev": {"dgmv": 7980330.080000006, "active_sellers": 176.0, "orders": 108535.0}}, "蕾塞(张嘉悦)": {"dgmv": 4379748.359999995, "active_sellers": 177.0, "orders": 43404.0, "_prev": {"dgmv": 5324193.479999995, "active_sellers": 179.0, "orders": 48859.0}}, "莱拉(付艺迪)": {"dgmv": 4183848.7199999965, "active_sellers": 201.0, "orders": 36813.0, "_prev": {"dgmv": 4294039.709999994, "active_sellers": 193.0, "orders": 42898.0}}, "诺亚(单恩浩)": {"dgmv": 3411949.8099999977, "active_sellers": 133.0, "orders": 51958.0, "_prev": {"dgmv": 3866531.5899999994, "active_sellers": 132.0, "orders": 52324.0}}, "路歌(李红红)": {"dgmv": 3186720.0699999984, "active_sellers": 123.0, "orders": 47305.0, "_prev": {"dgmv": 3934655.709999991, "active_sellers": 116.0, "orders": 66016.0}}, "全组": {"dgmv": 37957692.449999996, "active_sellers": 955.0, "orders": 306701.0, "_prev": {"dgmv": 41704652.00999999, "active_sellers": 936.0, "orders": 375140.0}}}, "last_bimonth": {"秋罗(胡春秋)": {"dgmv": 26190178.779999983, "active_sellers": 155.0, "orders": 109548.0, "_prev": {"dgmv": 29648313.38000001, "active_sellers": 108.0, "orders": 125057.0}}, "大门(朱锦程)": {"dgmv": 14071230.250000006, "active_sellers": 196.0, "orders": 200948.0, "_prev": {"dgmv": 9129820.120000003, "active_sellers": 160.0, "orders": 135033.0}}, "蕾塞(张嘉悦)": {"dgmv": 10455084.240000006, "active_sellers": 203.0, "orders": 87617.0, "_prev": {"dgmv": 11816100.10000003, "active_sellers": 185.0, "orders": 109051.0}}, "路歌(李红红)": {"dgmv": 9260460.459999999, "active_sellers": 141.0, "orders": 141472.0, "_prev": {"dgmv": 5938487.640000006, "active_sellers": 105.0, "orders": 71710.0}}, "莱拉(付艺迪)": {"dgmv": 7645328.94000001, "active_sellers": 223.0, "orders": 85638.0, "_prev": {"dgmv": 9282205.310000006, "active_sellers": 181.0, "orders": 94532.0}}, "诺亚(单恩浩)": {"dgmv": 7306129.3500000015, "active_sellers": 148.0, "orders": 101708.0, "_prev": {"dgmv": 9167111.850000013, "active_sellers": 98.0, "orders": 132498.0}},