{"yesterday": {"大门(朱锦程)": {"dgmv": 309221.64999999997, "active_sellers": 82.0, "orders": 3482.0, "_prev": {"dgmv": 132549.66999999993, "active_sellers": 90.0, "orders": 2113.0}}, "秋罗(胡春秋)": {"dgmv": 119094.06000000003, "active_sellers": 33.0, "orders": 876.0, "_prev": {"dgmv": 212984.19000000003, "active_sellers": 28.0, "orders": 974.0}}, "蕾塞(张嘉悦)": {"dgmv": 92057.56999999998, "active_sellers": 75.0, "orders": 925.0, "_prev": {"dgmv": 283621.3499999999, "active_sellers": 70.0, "orders": 2438.0}}, "诺亚(单恩浩)": {"dgmv": 77606.92000000001, "active_sellers": 67.0, "orders": 1214.0, "_prev": {"dgmv": 86878.48000000005, "active_sellers": 68.0, "orders": 1350.0}}, "莱拉(付艺迪)": {"dgmv": 71866.48999999998, "active_sellers": 65.0, "orders": 1398.0, "_prev": {"dgmv": 51045.57000000002, "active_sellers": 68.0, "orders": 762.0}}, "路歌(李红红)": {"dgmv": 54937.55, "active_sellers": 42.0, "orders": 886.0, "_prev": {"dgmv": 58024.64999999998, "active_sellers": 46.0, "orders": 906.0}}, "全组": {"dgmv": 724784.24, "active_sellers": 364.0, "orders": 8781.0, "_prev": {"dgmv": 825103.91, "active_sellers": 370.0, "orders": 8543.0}}}, "last_7d": {"莱拉(付艺迪)": {"dgmv": 1990507.2099999983, "active_sellers": 133.0, "orders": 11996.0, "_prev": {"dgmv": 1265046.11, "active_sellers": 137.0, "orders": 8142.0}}, "秋罗(胡春秋)": {"dgmv": 1884029.0900000022, "active_sellers": 55.0, "orders": 6039.0, "_prev": {"dgmv": 2838439.330000001, "active_sellers": 53.0, "orders": 8256.0}}, "蕾塞(张嘉悦)": {"dgmv": 1706289.5199999996, "active_sellers": 131.0, "orders": 13705.0, "_prev": {"dgmv": 1512787.3500000013, "active_sellers": 125.0, "orders": 14234.0}}, "大门(朱锦程)": {"dgmv": 1276588.0800000003, "active_sellers": 150.0, "orders": 17504.0, "_prev": {"dgmv": 945099.5599999997, "active_sellers": 147.0, "orders": 15709.0}}, "诺亚(单恩浩)": {"dgmv": 902896.7400000002, "active_sellers": 108.0, "orders": 13461.0, "_prev": {"dgmv": 999267.7899999999, "active_sellers": 106.0, "orders": 14165.0}}, "路歌(李红红)": {"dgmv": 578540.03, "active_sellers": 74.0, "orders": 9074.0, "_prev": {"dgmv": 523725.8600000003, "active_sellers": 64.0, "orders": 7723.0}}, "全组": {"dgmv": 8338850.670000001, "active_sellers": 651.0, "orders": 71779.0, "_prev": {"dgmv": 8084366.000000003, "active_sellers": 632.0, "orders": 68229.0}}}, "last_14d": {"秋罗(胡春秋)": {"dgmv": 4722468.420000002, "active_sellers": 59.0, "orders": 14295.0, "_prev": {"dgmv": 6280128.350000001, "active_sellers": 63.0, "orders": 18838.0}}, "莱拉(付艺迪)": {"dgmv": 3255553.32, "active_sellers": 160.0, "orders": 20138.0, "_prev": {"dgmv": 2502935.0599999987, "active_sellers": 166.0, "orders": 21568.0}}, "蕾塞(张嘉悦)": {"dgmv": 3219076.87, "active_sellers": 146.0, "orders": 27939.0, "_prev": {"dgmv": 2479188.469999999, "active_sellers": 156.0, "orders": 22665.0}}, "大门(朱锦程)": {"dgmv": 2221687.6399999997, "active_sellers": 164.0, "orders": 33213.0, "_prev": {"dgmv": 3075218.8999999994, "active_sellers": 165.0, "orders": 44928.0}}, "诺亚(单恩浩)": {"dgmv": 1902164.5299999989, "active_sellers": 120.0, "orders": 27626.0, "_prev": {"dgmv": 1735489.3299999987, "active_sellers": 119.0, "orders": 28154.0}}, "路歌(李红红)": {"dgmv": 1102265.8900000001, "active_sellers": 85.0, "orders": 16797.0, "_prev": {"dgmv": 918566.2099999998, "active_sellers": 81.0, "orders": 16000.0}}, "全组": {"dgmv": 16423216.670000004, "active_sellers": 734.0, "orders": 140008.0, "_prev": {"dgmv": 16991526.319999997, "active_sellers": 750.0, "orders": 152153.0}}}, "last_30d": {"秋罗(胡春秋)": {"dgmv": 11479237.410000006, "active_sellers": 69.0, "orders": 34430.0, "_prev": {"dgmv": 11969150.229999999, "active_sellers": 72.0, "orders": 32473.0}}, "莱拉(付艺迪)": {"dgmv": 5879856.489999995, "active_sellers": 193.0, "orders": 43947.0, "_prev": {"dgmv": 2476894.139999998, "active_sellers": 193.0, "orders": 34342.0}}, "蕾塞(张嘉悦)": {"dgmv": 5822303.260000004, "active_sellers": 172.0, "orders": 52050.0, "_prev": {"dgmv": 4605204.739999999, "active_sellers": 175.0, "orders": 32938.0}}, "大门(朱锦程)": {"dgmv": 5572545.020000001, "active_sellers": 184.0, "orders": 82145.0, "_prev": {"dgmv": 4961180.949999993, "active_sellers": 173.0, "orders": 79792.0}}, "诺亚(单恩浩)": {"dgmv": 3751118.0199999996, "active_sellers": 131.0, "orders": 57812.0, "_prev": {"dgmv": 3014150.4199999957, "active_sellers": 137.0, "orders": 45385.0}}, "路歌(李红红)": {"dgmv": 2156255.3000000003, "active_sellers": 97.0, "orders": 35019.0, "_prev": {"dgmv": 2072593.959999998, "active_sellers": 102.0, "orders": 37886.0}}, "全组": {"dgmv": 34661315.50000001, "active_sellers": 846.0, "orders": 305403.0, "_prev": {"dgmv": 29099174.43999998, "active_sellers": 852.0, "orders": 262816.0}}}, "this_month": {"秋罗(胡春秋)": {"dgmv": 2342760.7600000002, "active_sellers": 56.0, "orders": 8424.0, "_prev": {"dgmv": 6451891.680000001, "active_sellers": 58.0, "orders": 8891.0}}, "莱拉(付艺迪)": {"dgmv": 2138799.2899999986, "active_sellers": 142.0, "orders": 13849.0, "_prev": {"dgmv": 404355.31999999983, "active_sellers": 139.0, "orders": 6144.0}}, "蕾塞(张嘉悦)": {"dgmv": 1895061.8300000005, "active_sellers": 136.0, "orders": 15528.0, "_prev": {"dgmv": 401548.3000000001, "active_sellers": 131.0, "orders": 6177.0}}, "大门(朱锦程)": {"dgmv": 1476401.559999999, "active_sellers": 156.0, "orders": 21761.0, "_prev": {"dgmv": 841291.3599999999, "active_sellers": 146.0, "orders": 13498.0}}, "诺亚(单恩浩)": {"dgmv": 1110201.579999999, "active_sellers": 112.0, "orders": 16990.0, "_prev": {"dgmv": 549588.2999999995, "active_sellers": 109.0, "orders": 8030.0}}, "路歌(李红红)": {"dgmv": 714395.3700000002, "active_sellers": 79.0, "orders": 11202.0, "_prev": {"dgmv": 318343.9599999999, "active_sellers": 79.0, "orders": 5928.0}}, "全组": {"dgmv": 9677620.389999997, "active_sellers": 681.0, "orders": 87754.0, "_prev": {"dgmv": 8967018.92, "active_sellers": 662.0, "orders": 48668.0}}}, "this_bimonth": {"秋罗(胡春秋)": {"dgmv": 17984897.309999995, "active_sellers": 73.0, "orders": 43742.0, "_prev": {"dgmv": 13026954.40000001, "active_sellers": 75.0, "orders": 39681.0}}, "大门(朱锦程)": {"dgmv": 6530186.649999997, "active_sellers": 188.0, "orders": 97917.0, "_prev": {"dgmv": 9950089.93, "active_sellers": 184.0, "orders": 134873.0}}, "莱拉(付艺迪)": {"dgmv": 6322648.009999996, "active_sellers": 207.0, "orders": 50662.0, "_prev": {"dgmv": 5337577.180000001, "active_sellers": 211.0, "orders": 55074.0}}, "蕾塞(张嘉悦)": {"dgmv": 6275314.19, "active_sellers": 183.0, "orders": 58935.0, "_prev": {"dgmv": 6238351.3299999945, "active_sellers": 186.0, "orders": 59893.0}}, "诺亚(单恩浩)": {"dgmv": 4522151.389999998, "active_sellers": 135.0, "orders": 68948.0, "_prev": {"dgmv": 4977032.689999994, "active_sellers": 137.0, "orders": 66139.0}}, "路歌(李红红)": {"dgmv": 2546616.2399999946, "active_sellers": 105.0, "orders": 42166.0, "_prev": {"dgmv": 3920008.569999986, "active_sellers": 92.0, "orders": 73886.0}}, "全组": {"dgmv": 44181813.789999984, "active_sellers": 891.0, "orders": 362370.0, "_prev": {"dgmv": 43450014.09999999, "active_sellers": 885.0, "orders": 429546.0}}}, "last_bimonth": {"秋罗(胡春秋)": {"dgmv": 18749564.890000015, "active_sellers": 78.0, "orders": 65163.0, "_prev": {"dgmv": 21237238.72, "active_sellers": 57.0, "orders": 74294.0}}, "大门(朱锦程)": {"dgmv": 14071230.25000003, "active_sellers": 196.0, "orders": 200948.0, "_prev": {"dgmv": 9129820.120000005, "active_sellers": 160.0, "orders": 135033.0}}, "蕾塞(张嘉悦)": {"dgmv": 10535317.809999997, "active_sellers": 204.0, "orders": 87794.0, "_prev": {"dgmv": 11816100.10000001, "active_sellers": 185.0, "orders": 109051.0}}, "莱拉(付艺迪)": {"dgmv": 7645328.940000002, "active_sellers": 223.0, "orders": 85638.0, "_prev": {"dgmv": 9282205.310000008, "active_sellers": 181.0, "orders": 94532.0}}, "诺亚(单恩浩)": {"dgmv": 7306129.349999996, "active_sellers": 148.0, "orders": 101708.0, "_prev": {"dgmv": 9167111.850000009, "active_sellers": 98.0, "orders": 132498.0}}, "路歌(李红红)": {"dgmv": 5694141.549999987, "active_sellers": 109.0, "orders": 106093.0, "_prev": {"dgmv": 5166899.279999999, "active_sellers": 79.0, "orders": 68114.0}}, "全组": {"dgmv": 64001712.79000003,