{"yesterday": {"秋罗(胡春秋)": {"dgmv": 536182.29, "active_sellers": 58.0, "orders": 2317.0, "_prev": {"dgmv": 171789.86000000007, "active_sellers": 50.0, "orders": 659.0}}, "大门(朱锦程)": {"dgmv": 246953.09999999992, "active_sellers": 82.0, "orders": 2530.0, "_prev": {"dgmv": 224752.19999999998, "active_sellers": 83.0, "orders": 2617.0}}, "莱拉(付艺迪)": {"dgmv": 204315.58999999985, "active_sellers": 67.0, "orders": 1568.0, "_prev": {"dgmv": 59028.36000000001, "active_sellers": 68.0, "orders": 562.0}}, "蕾塞(张嘉悦)": {"dgmv": 126791.84000000004, "active_sellers": 72.0, "orders": 1650.0, "_prev": {"dgmv": 113944.58000000005, "active_sellers": 65.0, "orders": 945.0}}, "路歌(李红红)": {"dgmv": 56162.22, "active_sellers": 44.0, "orders": 965.0, "_prev": {"dgmv": 52351.26, "active_sellers": 46.0, "orders": 718.0}}, "诺亚(单恩浩)": {"dgmv": 47540.780000000006, "active_sellers": 69.0, "orders": 719.0, "_prev": {"dgmv": 48333.25, "active_sellers": 70.0, "orders": 771.0}}, "全组": {"dgmv": 1217945.8199999998, "active_sellers": 392.0, "orders": 9749.0, "_prev": {"dgmv": 670199.5100000001, "active_sellers": 382.0, "orders": 6272.0}}}, "last_7d": {"秋罗(胡春秋)": {"dgmv": 3045425.0300000007, "active_sellers": 96.0, "orders": 9772.0, "_prev": {"dgmv": 4291471.769999998, "active_sellers": 105.0, "orders": 9611.0}}, "大门(朱锦程)": {"dgmv": 1709415.0999999994, "active_sellers": 143.0, "orders": 23320.0, "_prev": {"dgmv": 988982.6500000004, "active_sellers": 142.0, "orders": 17187.0}}, "莱拉(付艺迪)": {"dgmv": 1356919.839999999, "active_sellers": 141.0, "orders": 10657.0, "_prev": {"dgmv": 429739.2299999995, "active_sellers": 130.0, "orders": 6701.0}}, "蕾塞(张嘉悦)": {"dgmv": 893728.1900000004, "active_sellers": 130.0, "orders": 11243.0, "_prev": {"dgmv": 545345.3400000001, "active_sellers": 127.0, "orders": 6595.0}}, "诺亚(单恩浩)": {"dgmv": 830784.329999999, "active_sellers": 110.0, "orders": 14189.0, "_prev": {"dgmv": 702623.6199999999, "active_sellers": 105.0, "orders": 12411.0}}, "路歌(李红红)": {"dgmv": 748453.5399999998, "active_sellers": 85.0, "orders": 12228.0, "_prev": {"dgmv": 792591.5099999997, "active_sellers": 87.0, "orders": 13867.0}}, "全组": {"dgmv": 8584726.029999997, "active_sellers": 705.0, "orders": 81409.0, "_prev": {"dgmv": 7750754.119999997, "active_sellers": 696.0, "orders": 66372.0}}}, "last_14d": {"秋罗(胡春秋)": {"dgmv": 7336896.799999998, "active_sellers": 121.0, "orders": 19383.0, "_prev": {"dgmv": 6981646.909999996, "active_sellers": 116.0, "orders": 23362.0}}, "大门(朱锦程)": {"dgmv": 2698397.75, "active_sellers": 160.0, "orders": 40507.0, "_prev": {"dgmv": 1644375.009999998, "active_sellers": 156.0, "orders": 28111.0}}, "莱拉(付艺迪)": {"dgmv": 1786659.069999997, "active_sellers": 165.0, "orders": 17358.0, "_prev": {"dgmv": 1302626.0799999998, "active_sellers": 156.0, "orders": 17221.0}}, "路歌(李红红)": {"dgmv": 1541045.0499999982, "active_sellers": 108.0, "orders": 26095.0, "_prev": {"dgmv": 2535605.6500000055, "active_sellers": 113.0, "orders": 38236.0}}, "诺亚(单恩浩)": {"dgmv": 1533407.949999999, "active_sellers": 119.0, "orders": 26600.0, "_prev": {"dgmv": 1217401.6999999986, "active_sellers": 117.0, "orders": 19201.0}}, "蕾塞(张嘉悦)": {"dgmv": 1439073.5299999996, "active_sellers": 147.0, "orders": 17838.0, "_prev": {"dgmv": 3140463.499999997, "active_sellers": 151.0, "orders": 15135.0}}, "全组": {"dgmv": 16335480.149999991, "active_sellers": 820.0, "orders": 147781.0, "_prev": {"dgmv": 16822118.849999994, "active_sellers": 809.0, "orders": 141266.0}}}, "last_30d": {"秋罗(胡春秋)": {"dgmv": 16592959.670000002, "active_sellers": 138.0, "orders": 47991.0, "_prev": {"dgmv": 8828153.510000005, "active_sellers": 139.0, "orders": 47842.0}}, "蕾塞(张嘉悦)": {"dgmv": 4758698.87, "active_sellers": 174.0, "orders": 35238.0, "_prev": {"dgmv": 4054618.939999995, "active_sellers": 172.0, "orders": 42104.0}}, "大门(朱锦程)": {"dgmv": 4756781.549999999, "active_sellers": 179.0, "orders": 74836.0, "_prev": {"dgmv": 8152369.8, "active_sellers": 184.0, "orders": 110008.0}}, "路歌(李红红)": {"dgmv": 4313636.790000009, "active_sellers": 125.0, "orders": 67579.0, "_prev": {"dgmv": 3870754.769999996, "active_sellers": 125.0, "orders": 54668.0}}, "莱拉(付艺迪)": {"dgmv": 3215181.8299999987, "active_sellers": 190.0, "orders": 36514.0, "_prev": {"dgmv": 3510688.9099999955, "active_sellers": 201.0, "orders": 40825.0}}, "诺亚(单恩浩)": {"dgmv": 2929409.169999997, "active_sellers": 136.0, "orders": 49105.0, "_prev": {"dgmv": 3263692.6799999992, "active_sellers": 137.0, "orders": 44676.0}}, "全组": {"dgmv": 36566667.88000001, "active_sellers": 942.0, "orders": 311263.0, "_prev": {"dgmv": 31680278.609999992, "active_sellers": 958.0, "orders": 340123.0}}}, "this_month": {"秋罗(胡春秋)": {"dgmv": 11737154.399999985, "active_sellers": 127.0, "orders": 29106.0, "_prev": {"dgmv": 5029472.069999998, "active_sellers": 131.0, "orders": 34155.0}}, "大门(朱锦程)": {"dgmv": 3375019.399999996, "active_sellers": 172.0, "orders": 50829.0, "_prev": {"dgmv": 4709138.0200000005, "active_sellers": 172.0, "orders": 68406.0}}, "莱拉(付艺迪)": {"dgmv": 2130628.0799999977, "active_sellers": 181.0, "orders": 22575.0, "_prev": {"dgmv": 2266735.4799999963, "active_sellers": 191.0, "orders": 28801.0}}, "路歌(李红红)": {"dgmv": 2030356.5199999993, "active_sellers": 115.0, "orders": 34091.0, "_prev": {"dgmv": 3042524.4799999967, "active_sellers": 115.0, "orders": 41968.0}}, "诺亚(单恩浩)": {"dgmv": 1966764.3599999973, "active_sellers": 129.0, "orders": 32842.0, "_prev": {"dgmv": 2476952.9499999983, "active_sellers": 132.0, "orders": 33121.0}}, "蕾塞(张嘉悦)": {"dgmv": 1751248.2699999982, "active_sellers": 161.0, "orders": 22418.0, "_prev": {"dgmv": 2123440.159999999, "active_sellers": 164.0, "orders": 25938.0}}, "全组": {"dgmv": 22991171.029999975, "active_sellers": 885.0, "orders": 191861.0, "_prev": {"dgmv": 19648263.159999993, "active_sellers": 905.0, "orders": 232389.0}}}, "this_bimonth": {"秋罗(胡春秋)": {"dgmv": 11737154.399999985, "active_sellers": 127.0, "orders": 29106.0, "_prev": {"dgmv": 11641412.849999992, "active_sellers": 131.0, "orders": 39582.0}}, "大门(朱锦程)": {"dgmv": 3375019.399999996, "active_sellers": 172.0, "orders": 50829.0, "_prev": {"dgmv": 4456183.819999995, "active_sellers": 165.0, "orders": 65468.0}}, "莱拉(付艺迪)": {"dgmv": 2130628.0799999977, "active_sellers": 181.0, "orders": 22575.0, "_prev": {"dgmv": 3006939.7499999967, "active_sellers": 184.0, "orders": 30161.0}}, "路歌(李红红)": {"dgmv": 2030356.5199999993, "active_sellers": 115.0, "orders": 34091.0, "_prev": {"dgmv": 3013748.07999999, "active_sellers": 107.0, "orders": 51922.0}}, "诺亚(单恩浩)": {"dgmv": 1966764.3599999973, "active_sellers": 129.0, "orders": 32842.0, "_prev": {"dgmv": 3029196.059999997, "active_sellers": 127.0, "orders": 39928.0}}, "蕾塞(张嘉悦)": {"dgmv": 1751248.2699999982, "active_sellers": 161.0, "orders": 22418.0, "_prev": {"dgmv": 3332963.5099999965, "active_sellers": 168.0, "orders": 31986.0}}, "全组": {"dgmv": 22991171.029999975, "active_sellers": 885.0, "orders": 191861.0, "_prev": {"dgmv": 28480444.069999967, "active_sellers": 882.0, "orders": 259047.0}}}, "last_bimonth": {"秋罗(胡春秋)": {"dgmv": 26190178.779999986, "active_sellers": 155.0, "orders": 109548.0, "_prev": {"dgmv": 29648313.37999996, "active_sellers": 108.0, "orders": 125057.0}}, "大门(朱锦程)": {"dgmv": 14071230.250000017, "active_sellers": 196.0, "orders": 200948.0, "_prev": {"dgmv": 9129820.120000005, "active_sellers": 160.0, "orders": 135033.0}}, "蕾塞(张嘉悦)": {"dgmv": 10455084.24000001, "active_sellers": 203.0, "orders": 87617.0, "_prev": {"dgmv": 11813108.53, "active_sellers": 184.0, "orders": 108855.0}}, "路歌(李红红)": {"dgmv": 9260460.459999995, "active_sellers": 141.0, "orders": 141472.0, "_prev": {"dgmv": 5938487.640000004, "active_sellers": 105.0, "orders": 71710.0}}, "莱拉(付艺迪)": {"dgmv": 7645328.9399999995, "active_sellers": 223.0, "orders": 85638.0, "_prev": {"dgmv": 9282205.310000002, "active_sellers": 181.0, "orders": 94532.0}}, "诺亚(单恩浩)": {"dgmv": 7306129.350000002, "active_sellers": 148.0, "orders": 101708.0, "_prev": {"dgmv": 9167111.850000016, "active_sellers": 98.0,