{"yesterday": {"秋罗(胡春秋)": {"dgmv": 312187.67000000004, "active_sellers": 34.0, "orders": 1425.0, "_prev": {"dgmv": 44190.32999999999, "active_sellers": 30.0, "orders": 290.0}}, "大门(朱锦程)": {"dgmv": 83306.90999999995, "active_sellers": 84.0, "orders": 1786.0, "_prev": {"dgmv": 53508.44000000002, "active_sellers": 86.0, "orders": 1060.0}}, "诺亚(单恩浩)": {"dgmv": 70910.73000000001, "active_sellers": 70.0, "orders": 1214.0, "_prev": {"dgmv": 71279.21999999997, "active_sellers": 61.0, "orders": 1106.0}}, "蕾塞(张嘉悦)": {"dgmv": 41909.17000000001, "active_sellers": 66.0, "orders": 593.0, "_prev": {"dgmv": 98054.78999999995, "active_sellers": 63.0, "orders": 649.0}}, "路歌(李红红)": {"dgmv": 40238.94, "active_sellers": 37.0, "orders": 767.0, "_prev": {"dgmv": 56186.499999999985, "active_sellers": 37.0, "orders": 712.0}}, "莱拉(付艺迪)": {"dgmv": 37326.400000000016, "active_sellers": 73.0, "orders": 516.0, "_prev": {"dgmv": 32005.56000000001, "active_sellers": 54.0, "orders": 455.0}}, "全组": {"dgmv": 585879.82, "active_sellers": 364.0, "orders": 6301.0, "_prev": {"dgmv": 355224.8399999999, "active_sellers": 331.0, "orders": 4272.0}}}, "last_7d": {"秋罗(胡春秋)": {"dgmv": 3277011.38, "active_sellers": 53.0, "orders": 8554.0, "_prev": {"dgmv": 3120336.2300000004, "active_sellers": 53.0, "orders": 12254.0}}, "蕾塞(张嘉悦)": {"dgmv": 1563676.4000000001, "active_sellers": 129.0, "orders": 14703.0, "_prev": {"dgmv": 1498988.229999999, "active_sellers": 138.0, "orders": 10908.0}}, "莱拉(付艺迪)": {"dgmv": 1368170.44, "active_sellers": 140.0, "orders": 8833.0, "_prev": {"dgmv": 1109475.4600000002, "active_sellers": 130.0, "orders": 9426.0}}, "大门(朱锦程)": {"dgmv": 999591.8200000001, "active_sellers": 149.0, "orders": 16354.0, "_prev": {"dgmv": 1911227.8099999998, "active_sellers": 145.0, "orders": 24335.0}}, "诺亚(单恩浩)": {"dgmv": 993223.9400000001, "active_sellers": 107.0, "orders": 14156.0, "_prev": {"dgmv": 784121.2199999995, "active_sellers": 113.0, "orders": 10446.0}}, "路歌(李红红)": {"dgmv": 525215.81, "active_sellers": 65.0, "orders": 7902.0, "_prev": {"dgmv": 376035.39, "active_sellers": 68.0, "orders": 5913.0}}, "全组": {"dgmv": 8726889.790000001, "active_sellers": 643.0, "orders": 70502.0, "_prev": {"dgmv": 8800184.34, "active_sellers": 647.0, "orders": 73282.0}}}, "last_14d": {"秋罗(胡春秋)": {"dgmv": 6397347.610000001, "active_sellers": 57.0, "orders": 20808.0, "_prev": {"dgmv": 9072353.779999996, "active_sellers": 65.0, "orders": 12270.0}}, "蕾塞(张嘉悦)": {"dgmv": 3062664.6300000004, "active_sellers": 152.0, "orders": 25611.0, "_prev": {"dgmv": 1344201.6300000008, "active_sellers": 149.0, "orders": 17391.0}}, "大门(朱锦程)": {"dgmv": 2910819.63, "active_sellers": 169.0, "orders": 40689.0, "_prev": {"dgmv": 2120288.7499999986, "active_sellers": 165.0, "orders": 34922.0}}, "莱拉(付艺迪)": {"dgmv": 2477645.9, "active_sellers": 161.0, "orders": 18259.0, "_prev": {"dgmv": 1614206.099999998, "active_sellers": 171.0, "orders": 17420.0}}, "诺亚(单恩浩)": {"dgmv": 1777345.1599999976, "active_sellers": 123.0, "orders": 24602.0, "_prev": {"dgmv": 1548066.999999999, "active_sellers": 121.0, "orders": 26575.0}}, "路歌(李红红)": {"dgmv": 901251.2, "active_sellers": 77.0, "orders": 13815.0, "_prev": {"dgmv": 926195.7900000002, "active_sellers": 84.0, "orders": 16500.0}}, "全组": {"dgmv": 17527074.13, "active_sellers": 739.0, "orders": 143784.0, "_prev": {"dgmv": 16625313.049999993, "active_sellers": 755.0, "orders": 125078.0}}}, "last_30d": {"秋罗(胡春秋)": {"dgmv": 15616056.88, "active_sellers": 70.0, "orders": 33784.0, "_prev": {"dgmv": 6708862.079999995, "active_sellers": 72.0, "orders": 34312.0}}, "大门(朱锦程)": {"dgmv": 5100301.8500000015, "active_sellers": 186.0, "orders": 77127.0, "_prev": {"dgmv": 5174833.580000002, "active_sellers": 175.0, "orders": 84514.0}}, "蕾塞(张嘉悦)": {"dgmv": 4448405.669999999, "active_sellers": 174.0, "orders": 43659.0, "_prev": {"dgmv": 5004919.620000002, "active_sellers": 173.0, "orders": 36569.0}}, "莱拉(付艺迪)": {"dgmv": 4157646.0899999985, "active_sellers": 198.0, "orders": 36543.0, "_prev": {"dgmv": 3088551.8599999975, "active_sellers": 197.0, "orders": 40364.0}}, "诺亚(单恩浩)": {"dgmv": 3400542.6199999987, "active_sellers": 131.0, "orders": 52190.0, "_prev": {"dgmv": 3137841.2499999953, "active_sellers": 136.0, "orders": 46142.0}}, "路歌(李红红)": {"dgmv": 1872500.7299999986, "active_sellers": 97.0, "orders": 31317.0, "_prev": {"dgmv": 2363972.4699999993, "active_sellers": 102.0, "orders": 42345.0}}, "全组": {"dgmv": 34595453.839999996, "active_sellers": 856.0, "orders": 274620.0, "_prev": {"dgmv": 25478980.859999992, "active_sellers": 855.0, "orders": 284246.0}}}, "this_month": {"秋罗(胡春秋)": {"dgmv": 356378.0, "active_sellers": 41.0, "orders": 1715.0, "_prev": {"dgmv": 289354.5399999999, "active_sellers": 38.0, "orders": 2006.0}}, "诺亚(单恩浩)": {"dgmv": 142189.94999999998, "active_sellers": 79.0, "orders": 2320.0, "_prev": {"dgmv": 111715.45999999996, "active_sellers": 68.0, "orders": 1549.0}}, "蕾塞(张嘉悦)": {"dgmv": 139963.96, "active_sellers": 83.0, "orders": 1242.0, "_prev": {"dgmv": 45129.61000000001, "active_sellers": 70.0, "orders": 723.0}}, "大门(朱锦程)": {"dgmv": 136815.35, "active_sellers": 110.0, "orders": 2846.0, "_prev": {"dgmv": 64746.690000000046, "active_sellers": 85.0, "orders": 1375.0}}, "路歌(李红红)": {"dgmv": 96425.44000000005, "active_sellers": 45.0, "orders": 1479.0, "_prev": {"dgmv": 42816.17000000001, "active_sellers": 45.0, "orders": 844.0}}, "莱拉(付艺迪)": {"dgmv": 69331.95999999999, "active_sellers": 82.0, "orders": 971.0, "_prev": {"dgmv": 80240.59999999992, "active_sellers": 71.0, "orders": 930.0}}, "全组": {"dgmv": 941104.6599999999, "active_sellers": 440.0, "orders": 10573.0, "_prev": {"dgmv": 634003.0699999998, "active_sellers": 377.0, "orders": 7427.0}}}, "this_bimonth": {"秋罗(胡春秋)": {"dgmv": 15998514.55, "active_sellers": 71.0, "orders": 37033.0, "_prev": {"dgmv": 12320010.490000002, "active_sellers": 73.0, "orders": 33706.0}}, "大门(朱锦程)": {"dgmv": 5190600.440000001, "active_sellers": 186.0, "orders": 79002.0, "_prev": {"dgmv": 8728893.270000003, "active_sellers": 179.0, "orders": 115516.0}}, "蕾塞(张嘉悦)": {"dgmv": 4520216.320000003, "active_sellers": 179.0, "orders": 44649.0, "_prev": {"dgmv": 5539077.510000002, "active_sellers": 180.0, "orders": 51289.0}}, "莱拉(付艺迪)": {"dgmv": 4253180.679999996, "active_sellers": 203.0, "orders": 37784.0, "_prev": {"dgmv": 4461528.999999993, "active_sellers": 200.0, "orders": 45292.0}}, "诺亚(单恩浩)": {"dgmv": 3554139.7599999956, "active_sellers": 133.0, "orders": 54278.0, "_prev": {"dgmv": 4235343.549999998, "active_sellers": 134.0, "orders": 56536.0}}, "路歌(李红红)": {"dgmv": 1928646.3099999987, "active_sellers": 99.0, "orders": 32443.0, "_prev": {"dgmv": 3342919.139999991, "active_sellers": 88.0, "orders": 64038.0}}, "全组": {"dgmv": 35445298.059999995, "active_sellers": 871.0, "orders": 285189.0, "_prev": {"dgmv": 38627772.95999999, "active_sellers": 854.0, "orders": 366377.0}}}, "last_bimonth": {"秋罗(胡春秋)": {"dgmv": 18749564.89000002, "active_sellers": 78.0, "orders": 65163.0, "_prev": {"dgmv": 21237238.720000006, "active_sellers": 57.0, "orders": 74294.0}}, "大门(朱锦程)": {"dgmv": 14071230.25000002, "active_sellers": 196.0, "orders": 200948.0, "_prev": {"dgmv": 9129820.12000002, "active_sellers": 160.0, "orders": 135033.0}}, "蕾塞(张嘉悦)": {"dgmv": 10535317.809999993, "active_sellers": 204.0, "orders": 87794.0, "_prev": {"dgmv": 11816100.100000005, "active_sellers": 185.0, "orders": 109051.0}}, "莱拉(付艺迪)": {"dgmv": 7645328.940000001, "active_sellers": 223.0, "orders": 85638.0, "_prev": {"dgmv": 9282205.310000002, "active_sellers": 181.0, "orders": 94532.0}}, "诺亚(单恩浩)": {"dgmv": 7306129.350000001, "active_sellers": 148.0, "orders": 101708.0, "_prev": {"dgmv": 9167111.850000007, "active_sellers": 98.0, "orders": 132498.0}}, "路歌(李红红)": {"dgmv": 5694141.54999998, "active_sellers": 109.0, "orders": 106093.0, "_prev": {"dgmv": 5166899.279999997, "active_sellers": 79.0, "orders": 68114.0}}, "全组": {"dgmv": 64001712.790000014, "active_sellers": 958.0, "orders": 647344.0, "_prev": {"dgmv": 65799375.38000003,