{"yesterday": {}, "last_7d": {"秋罗(胡春秋)": {"dgmv": 3020562.3699999987, "active_sellers": 102.0, "orders": 9004.0}, "莱拉(付艺迪)": {"dgmv": 1241422.9199999988, "active_sellers": 142.0, "orders": 11575.0}, "大门(朱锦程)": {"dgmv": 1176569.7100000002, "active_sellers": 139.0, "orders": 20432.0}, "诺亚(单恩浩)": {"dgmv": 975414.7699999999, "active_sellers": 108.0, "orders": 17699.0}, "蕾塞(张嘉悦)": {"dgmv": 913839.8800000005, "active_sellers": 130.0, "orders": 10819.0}, "路歌(李红红)": {"dgmv": 855949.5499999998, "active_sellers": 88.0, "orders": 14990.0}, "全组": {"dgmv": 8183759.199999997, "active_sellers": 709.0, "orders": 84519.0}}, "last_14d": {}, "last_30d": {}, "this_month": {}, "this_bimonth": {}, "last_bimonth": {}, "yoy_bimonth": {"秋罗(胡春秋)": {"dgmv": 29648313.380000025, "active_sellers": 108.0, "orders": 125057.0}, "蕾塞(张嘉悦)": {"dgmv": 11813108.530000009, "active_sellers": 184.0, "orders": 108855.0}, "莱拉(付艺迪)": {"dgmv": 9282205.310000006, "active_sellers": 181.0, "orders": 94532.0}, "诺亚(单恩浩)": {"dgmv": 9167111.849999996, "active_sellers": 98.0, "orders": 132498.0}, "大门(朱锦程)": {"dgmv": 9129820.120000003, "active_sellers": 160.0, "orders": 135033.0}, "路歌(李红红)": {"dgmv": 5938487.640000004, "active_sellers": 105.0, "orders": 71710.0}, "全组": {"dgmv": 74979046.83000004, "active_sellers": 836.0, "orders": 667685.0}}}