{"yesterday": {"秋罗(胡春秋)": {"dgmv": 218256.31999999998, "active_sellers": 59.0, "orders": 1798.0, "_prev": {"dgmv": 425891.70999999996, "active_sellers": 64.0, "orders": 2832.0}}, "大门(朱锦程)": {"dgmv": 204345.58999999988, "active_sellers": 83.0, "orders": 3080.0, "_prev": {"dgmv": 240297.51999999993, "active_sellers": 93.0, "orders": 2892.0}}, "莱拉(付艺迪)": {"dgmv": 121598.72, "active_sellers": 63.0, "orders": 1045.0, "_prev": {"dgmv": 329884.05000000005, "active_sellers": 69.0, "orders": 2259.0}}, "蕾塞(张嘉悦)": {"dgmv": 78980.60999999999, "active_sellers": 76.0, "orders": 884.0, "_prev": {"dgmv": 348604.3799999999, "active_sellers": 74.0, "orders": 2714.0}}, "诺亚(单恩浩)": {"dgmv": 71116.44999999998, "active_sellers": 66.0, "orders": 928.0, "_prev": {"dgmv": 259322.7799999998, "active_sellers": 70.0, "orders": 2763.0}}, "路歌(李红红)": {"dgmv": 54154.78999999999, "active_sellers": 47.0, "orders": 852.0, "_prev": {"dgmv": 68773.05999999997, "active_sellers": 46.0, "orders": 975.0}}, "全组": {"dgmv": 748452.4799999999, "active_sellers": 394.0, "orders": 8587.0, "_prev": {"dgmv": 1672773.4999999998, "active_sellers": 416.0, "orders": 14435.0}}}, "last_7d": {"秋罗(胡春秋)": {"dgmv": 3786524.589999999, "active_sellers": 99.0, "orders": 16402.0, "_prev": {"dgmv": 2991315.3199999994, "active_sellers": 102.0, "orders": 8703.0}}, "大门(朱锦程)": {"dgmv": 1891218.3600000008, "active_sellers": 145.0, "orders": 24131.0, "_prev": {"dgmv": 1191673.9799999997, "active_sellers": 139.0, "orders": 20112.0}}, "蕾塞(张嘉悦)": {"dgmv": 1439239.7600000005, "active_sellers": 136.0, "orders": 11217.0, "_prev": {"dgmv": 926142.8400000003, "active_sellers": 128.0, "orders": 10894.0}}, "莱拉(付艺迪)": {"dgmv": 1119161.9100000001, "active_sellers": 130.0, "orders": 9438.0, "_prev": {"dgmv": 1255341.079999999, "active_sellers": 144.0, "orders": 11805.0}}, "诺亚(单恩浩)": {"dgmv": 821512.8399999988, "active_sellers": 111.0, "orders": 11222.0, "_prev": {"dgmv": 904757.6100000003, "active_sellers": 110.0, "orders": 16775.0}}, "路歌(李红红)": {"dgmv": 468572.38, "active_sellers": 81.0, "orders": 6896.0, "_prev": {"dgmv": 954676.7500000003, "active_sellers": 88.0, "orders": 16630.0}}, "全组": {"dgmv": 9526229.84, "active_sellers": 702.0, "orders": 79306.0, "_prev": {"dgmv": 8223907.579999999, "active_sellers": 711.0, "orders": 84919.0}}}, "last_14d": {"秋罗(胡春秋)": {"dgmv": 6777839.909999996, "active_sellers": 119.0, "orders": 25105.0, "_prev": {"dgmv": 8705488.499999998, "active_sellers": 117.0, "orders": 19438.0}}, "大门(朱锦程)": {"dgmv": 3082892.3399999994, "active_sellers": 161.0, "orders": 44243.0, "_prev": {"dgmv": 1517840.9999999977, "active_sellers": 150.0, "orders": 25752.0}}, "莱拉(付艺迪)": {"dgmv": 2374502.989999998, "active_sellers": 164.0, "orders": 21243.0, "_prev": {"dgmv": 655253.92, "active_sellers": 152.0, "orders": 10137.0}}, "蕾塞(张嘉悦)": {"dgmv": 2365382.5999999978, "active_sellers": 153.0, "orders": 22111.0, "_prev": {"dgmv": 953200.3300000003, "active_sellers": 150.0, "orders": 10673.0}}, "诺亚(单恩浩)": {"dgmv": 1726270.4499999986, "active_sellers": 122.0, "orders": 27997.0, "_prev": {"dgmv": 1250170.4099999997, "active_sellers": 122.0, "orders": 19000.0}}, "路歌(李红红)": {"dgmv": 1423249.1300000001, "active_sellers": 101.0, "orders": 23526.0, "_prev": {"dgmv": 2047583.4400000027, "active_sellers": 107.0, "orders": 31610.0}}, "全组": {"dgmv": 17750137.41999999, "active_sellers": 820.0, "orders": 164225.0, "_prev": {"dgmv": 15129537.6, "active_sellers": 798.0, "orders": 116610.0}}}, "last_30d": {"秋罗(胡春秋)": {"dgmv": 16006746.72, "active_sellers": 136.0, "orders": 50144.0, "_prev": {"dgmv": 10001533.100000007, "active_sellers": 139.0, "orders": 51498.0}}, "大门(朱锦程)": {"dgmv": 4882733.229999998, "active_sellers": 181.0, "orders": 75267.0, "_prev": {"dgmv": 8106215.860000004, "active_sellers": 179.0, "orders": 109710.0}}, "路歌(李红红)": {"dgmv": 4120395.940000004, "active_sellers": 123.0, "orders": 65945.0, "_prev": {"dgmv": 3982085.2799999956, "active_sellers": 128.0, "orders": 54859.0}}, "蕾塞(张嘉悦)": {"dgmv": 3658251.6499999966, "active_sellers": 176.0, "orders": 36173.0, "_prev": {"dgmv": 5806666.080000004, "active_sellers": 174.0, "orders": 40858.0}}, "莱拉(付艺迪)": {"dgmv": 3433199.319999997, "active_sellers": 193.0, "orders": 36203.0, "_prev": {"dgmv": 3702739.929999997, "active_sellers": 206.0, "orders": 42733.0}}, "诺亚(单恩浩)": {"dgmv": 3212797.189999999, "active_sellers": 135.0, "orders": 50747.0, "_prev": {"dgmv": 3231852.7099999986, "active_sellers": 136.0, "orders": 45409.0}}, "全组": {"dgmv": 35314124.05, "active_sellers": 944.0, "orders": 314479.0, "_prev": {"dgmv": 34831092.96, "active_sellers": 962.0, "orders": 345067.0}}}, "this_month": {"秋罗(胡春秋)": {"dgmv": 13980924.959999997, "active_sellers": 131.0, "orders": 39450.0, "_prev": {"dgmv": 7859455.580000002, "active_sellers": 135.0, "orders": 42346.0}}, "大门(朱锦程)": {"dgmv": 4040533.97, "active_sellers": 177.0, "orders": 60015.0, "_prev": {"dgmv": 5248700.910000001, "active_sellers": 174.0, "orders": 77161.0}}, "蕾塞(张嘉悦)": {"dgmv": 2818057.53, "active_sellers": 168.0, "orders": 28994.0, "_prev": {"dgmv": 4290696.6400000015, "active_sellers": 170.0, "orders": 31579.0}}, "莱拉(付艺迪)": {"dgmv": 2817267.7100000004, "active_sellers": 187.0, "orders": 27957.0, "_prev": {"dgmv": 2735357.6199999945, "active_sellers": 199.0, "orders": 34494.0}}, "诺亚(单恩浩)": {"dgmv": 2497303.8199999984, "active_sellers": 131.0, "orders": 39133.0, "_prev": {"dgmv": 2724104.3899999987, "active_sellers": 134.0, "orders": 37770.0}}, "路歌(李红红)": {"dgmv": 2226294.8299999977, "active_sellers": 116.0, "orders": 37003.0, "_prev": {"dgmv": 3431703.6399999983, "active_sellers": 120.0, "orders": 46514.0}}, "全组": {"dgmv": 28380382.819999993, "active_sellers": 910.0, "orders": 232552.0, "_prev": {"dgmv": 26290018.779999994, "active_sellers": 932.0, "orders": 269864.0}}}, "this_bimonth": {"秋罗(胡春秋)": {"dgmv": 13980924.959999986, "active_sellers": 131.0, "orders": 39450.0, "_prev": {"dgmv": 13964153.610000005, "active_sellers": 135.0, "orders": 46287.0}}, "大门(朱锦程)": {"dgmv": 4040533.9699999946, "active_sellers": 177.0, "orders": 60015.0, "_prev": {"dgmv": 4852674.260000004, "active_sellers": 168.0, "orders": 71895.0}}, "蕾塞(张嘉悦)": {"dgmv": 2818057.5300000017, "active_sellers": 168.0, "orders": 28994.0, "_prev": {"dgmv": 3636452.4899999923, "active_sellers": 173.0, "orders": 37252.0}}, "莱拉(付艺迪)": {"dgmv": 2817267.7099999962, "active_sellers": 187.0, "orders": 27957.0, "_prev": {"dgmv": 3253140.7500000005, "active_sellers": 187.0, "orders": 33615.0}}, "诺亚(单恩浩)": {"dgmv": 2497303.819999999, "active_sellers": 131.0, "orders": 39133.0, "_prev": {"dgmv": 3230465.789999997, "active_sellers": 130.0, "orders": 43048.0}}, "路歌(李红红)": {"dgmv": 2226294.83, "active_sellers": 116.0, "orders": 37003.0, "_prev": {"dgmv": 3275447.7899999903, "active_sellers": 109.0, "orders": 55831.0}}, "全组": {"dgmv": 28380382.819999978, "active_sellers": 910.0, "orders": 232552.0, "_prev": {"dgmv": 32212334.689999986, "active_sellers": 902.0, "orders": 287928.0}}}, "last_bimonth": {"秋罗(胡春秋)": {"dgmv": 26190178.78000001, "active_sellers": 155.0, "orders": 109548.0, "_prev": {"dgmv": 29648313.38, "active_sellers": 108.0, "orders": 125057.0}}, "大门(朱锦程)": {"dgmv": 14071230.250000043, "active_sellers": 196.0, "orders": 200948.0, "_prev": {"dgmv": 9129820.120000003, "active_sellers": 160.0, "orders": 135033.0}}, "蕾塞(张嘉悦)": {"dgmv": 10455084.239999995, "active_sellers": 203.0, "orders": 87617.0, "_prev": {"dgmv": 11813108.530000007, "active_sellers": 184.0, "orders": 108855.0}}, "路歌(李红红)": {"dgmv": 9260460.45999998, "active_sellers": 141.0, "orders": 141472.0, "_prev": {"dgmv": 5938487.640000001, "active_sellers": 105.0, "orders": 71710.0}}, "莱拉(付艺迪)": {"dgmv": 7645328.940000006, "active_sellers": 223.0, "orders": 85638.0, "_prev": {"dgmv": 9282205.30999999, "active_sellers": 181.0, "orders": 94532.0}}, "诺亚(单恩浩)": {"dgmv": 7306129.35, "active_sellers": 148.0, "orders": 101708.0, "_prev": {"dgmv": 9167111.85000002, "active_sellers": 98.0, "orders": 132498.0}},