{"yesterday": {"蕾塞(张嘉悦)": {"dgmv": 86735.5599999998, "active_sellers": 69.0, "orders": 1386.0, "_prev": {"dgmv": 46908.74000000001, "active_sellers": 56.0, "orders": 577.0}}, "大门(朱锦程)": {"dgmv": 78449.31000000001, "active_sellers": 82.0, "orders": 1625.0, "_prev": {"dgmv": 90268.56999999996, "active_sellers": 71.0, "orders": 1575.0}}, "诺亚(单恩浩)": {"dgmv": 71574.75000000003, "active_sellers": 67.0, "orders": 1282.0, "_prev": {"dgmv": 1410503.77, "active_sellers": 72.0, "orders": 13477.0}}, "秋罗(胡春秋)": {"dgmv": 63793.139999999985, "active_sellers": 27.0, "orders": 411.0, "_prev": {"dgmv": 33689.29, "active_sellers": 23.0, "orders": 159.0}}, "路歌(李红红)": {"dgmv": 31540.039999999994, "active_sellers": 43.0, "orders": 566.0, "_prev": {"dgmv": 77151.23, "active_sellers": 40.0, "orders": 1186.0}}, "莱拉(付艺迪)": {"dgmv": 30536.89000000001, "active_sellers": 62.0, "orders": 533.0, "_prev": {"dgmv": 34170.94000000002, "active_sellers": 58.0, "orders": 435.0}}, "全组": {"dgmv": 362629.6899999998, "active_sellers": 350.0, "orders": 5803.0, "_prev": {"dgmv": 1692692.54, "active_sellers": 320.0, "orders": 17409.0}}}, "last_7d": {"诺亚(单恩浩)": {"dgmv": 1774502.36, "active_sellers": 109.0, "orders": 19907.0, "_prev": {"dgmv": 586545.61, "active_sellers": 110.0, "orders": 9804.0}}, "秋罗(胡春秋)": {"dgmv": 1441198.7699999996, "active_sellers": 52.0, "orders": 4425.0, "_prev": {"dgmv": 2124870.3499999996, "active_sellers": 59.0, "orders": 6181.0}}, "大门(朱锦程)": {"dgmv": 634907.2700000004, "active_sellers": 135.0, "orders": 9360.0, "_prev": {"dgmv": 1500049.179999999, "active_sellers": 147.0, "orders": 18851.0}}, "莱拉(付艺迪)": {"dgmv": 611814.39, "active_sellers": 131.0, "orders": 6575.0, "_prev": {"dgmv": 726659.8400000004, "active_sellers": 135.0, "orders": 10085.0}}, "蕾塞(张嘉悦)": {"dgmv": 568527.6, "active_sellers": 135.0, "orders": 6423.0, "_prev": {"dgmv": 847334.3499999996, "active_sellers": 136.0, "orders": 9250.0}}, "路歌(李红红)": {"dgmv": 276846.35999999987, "active_sellers": 80.0, "orders": 4567.0, "_prev": {"dgmv": 1016003.4200000003, "active_sellers": 75.0, "orders": 11151.0}}, "全组": {"dgmv": 5307796.75, "active_sellers": 642.0, "orders": 51257.0, "_prev": {"dgmv": 6801462.749999999, "active_sellers": 662.0, "orders": 65322.0}}}, "last_14d": {"秋罗(胡春秋)": {"dgmv": 3566069.12, "active_sellers": 62.0, "orders": 10606.0, "_prev": {"dgmv": 5144300.080000002, "active_sellers": 59.0, "orders": 14387.0}}, "诺亚(单恩浩)": {"dgmv": 2361047.9699999993, "active_sellers": 122.0, "orders": 29711.0, "_prev": {"dgmv": 1883628.6499999978, "active_sellers": 121.0, "orders": 27612.0}}, "大门(朱锦程)": {"dgmv": 2134956.449999999, "active_sellers": 158.0, "orders": 28211.0, "_prev": {"dgmv": 2029956.3800000001, "active_sellers": 164.0, "orders": 31787.0}}, "蕾塞(张嘉悦)": {"dgmv": 1415861.9500000007, "active_sellers": 154.0, "orders": 15673.0, "_prev": {"dgmv": 3226716.699999997, "active_sellers": 148.0, "orders": 28064.0}}, "莱拉(付艺迪)": {"dgmv": 1338474.2299999997, "active_sellers": 160.0, "orders": 16660.0, "_prev": {"dgmv": 3367192.1799999997, "active_sellers": 164.0, "orders": 20337.0}}, "路歌(李红红)": {"dgmv": 1292849.7799999998, "active_sellers": 90.0, "orders": 15718.0, "_prev": {"dgmv": 1088248.19, "active_sellers": 85.0, "orders": 16739.0}}, "全组": {"dgmv": 12109259.5, "active_sellers": 746.0, "orders": 116579.0, "_prev": {"dgmv": 16740042.179999998, "active_sellers": 741.0, "orders": 138926.0}}}, "last_30d": {"秋罗(胡春秋)": {"dgmv": 9082973.360000001, "active_sellers": 66.0, "orders": 26367.0, "_prev": {"dgmv": 14536302.529999997, "active_sellers": 75.0, "orders": 37135.0}}, "莱拉(付艺迪)": {"dgmv": 4890301.420000001, "active_sellers": 191.0, "orders": 38899.0, "_prev": {"dgmv": 3659846.099999994, "active_sellers": 196.0, "orders": 39069.0}}, "蕾塞(张嘉悦)": {"dgmv": 4859537.649999999, "active_sellers": 174.0, "orders": 45570.0, "_prev": {"dgmv": 5610020.199999996, "active_sellers": 177.0, "orders": 38751.0}}, "大门(朱锦程)": {"dgmv": 4519733.069999992, "active_sellers": 179.0, "orders": 65711.0, "_prev": {"dgmv": 4803941.740000002, "active_sellers": 182.0, "orders": 74724.0}}, "诺亚(单恩浩)": {"dgmv": 4379405.07, "active_sellers": 137.0, "orders": 59240.0, "_prev": {"dgmv": 3210232.659999995, "active_sellers": 136.0, "orders": 51164.0}}, "路歌(李红红)": {"dgmv": 2480383.68, "active_sellers": 100.0, "orders": 34048.0, "_prev": {"dgmv": 1877756.819999998, "active_sellers": 99.0, "orders": 33098.0}}, "全组": {"dgmv": 30212334.249999993, "active_sellers": 847.0, "orders": 269835.0, "_prev": {"dgmv": 33698100.04999998, "active_sellers": 865.0, "orders": 273941.0}}}, "this_month": {"秋罗(胡春秋)": {"dgmv": 5789735.819999999, "active_sellers": 65.0, "orders": 18154.0, "_prev": {"dgmv": 11979031.019999998, "active_sellers": 70.0, "orders": 24813.0}}, "莱拉(付艺迪)": {"dgmv": 3406153.73, "active_sellers": 183.0, "orders": 29123.0, "_prev": {"dgmv": 2370705.4600000014, "active_sellers": 187.0, "orders": 24786.0}}, "诺亚(单恩浩)": {"dgmv": 3393642.63, "active_sellers": 131.0, "orders": 45487.0, "_prev": {"dgmv": 2166864.589999997, "active_sellers": 130.0, "orders": 35442.0}}, "大门(朱锦程)": {"dgmv": 3302136.3600000013, "active_sellers": 172.0, "orders": 46490.0, "_prev": {"dgmv": 3595890.860000004, "active_sellers": 174.0, "orders": 54043.0}}, "蕾塞(张嘉悦)": {"dgmv": 3218866.2099999967, "active_sellers": 166.0, "orders": 30276.0, "_prev": {"dgmv": 2390976.5399999977, "active_sellers": 165.0, "orders": 25399.0}}, "路歌(李红红)": {"dgmv": 1952307.5999999992, "active_sellers": 99.0, "orders": 26034.0, "_prev": {"dgmv": 1238202.139999999, "active_sellers": 93.0, "orders": 22014.0}}, "全组": {"dgmv": 21062842.349999994, "active_sellers": 816.0, "orders": 195564.0, "_prev": {"dgmv": 23741670.61, "active_sellers": 819.0, "orders": 186497.0}}}, "this_bimonth": {"秋罗(胡春秋)": {"dgmv": 21431872.36999999, "active_sellers": 74.0, "orders": 53472.0, "_prev": {"dgmv": 16173063.019999994, "active_sellers": 78.0, "orders": 54231.0}}, "大门(朱锦程)": {"dgmv": 8355921.450000001, "active_sellers": 194.0, "orders": 122646.0, "_prev": {"dgmv": 13004833.369999997, "active_sellers": 194.0, "orders": 180645.0}}, "蕾塞(张嘉悦)": {"dgmv": 7599118.569999994, "active_sellers": 193.0, "orders": 73683.0, "_prev": {"dgmv": 7561531.509999991, "active_sellers": 197.0, "orders": 75850.0}}, "莱拉(付艺迪)": {"dgmv": 7591490.449999997, "active_sellers": 218.0, "orders": 65964.0, "_prev": {"dgmv": 6648204.029999996, "active_sellers": 219.0, "orders": 72946.0}}, "诺亚(单恩浩)": {"dgmv": 6805592.439999989, "active_sellers": 145.0, "orders": 97445.0, "_prev": {"dgmv": 6454244.889999996, "active_sellers": 145.0, "orders": 86976.0}}, "路歌(李红红)": {"dgmv": 3784528.469999996, "active_sellers": 114.0, "orders": 56998.0, "_prev": {"dgmv": 5066039.959999988, "active_sellers": 104.0, "orders": 94783.0}}, "全组": {"dgmv": 55568523.74999997, "active_sellers": 938.0, "orders": 470208.0, "_prev": {"dgmv": 54907916.77999996, "active_sellers": 937.0, "orders": 565431.0}}}, "last_bimonth": {"秋罗(胡春秋)": {"dgmv": 18749564.889999986, "active_sellers": 78.0, "orders": 65163.0, "_prev": {"dgmv": 21237238.720000036, "active_sellers": 57.0, "orders": 74294.0}}, "大门(朱锦程)": {"dgmv": 14071230.250000019, "active_sellers": 196.0, "orders": 200948.0, "_prev": {"dgmv": 9129820.120000001, "active_sellers": 160.0, "orders": 135033.0}}, "蕾塞(张嘉悦)": {"dgmv": 10535317.809999987, "active_sellers": 204.0, "orders": 87794.0, "_prev": {"dgmv": 11816100.100000003, "active_sellers": 185.0, "orders": 109051.0}}, "莱拉(付艺迪)": {"dgmv": 7645328.9399999995, "active_sellers": 223.0, "orders": 85638.0, "_prev": {"dgmv": 9282205.310000006, "active_sellers": 181.0, "orders": 94532.0}}, "诺亚(单恩浩)": {"dgmv": 7306129.349999993, "active_sellers": 148.0, "orders": 101708.0, "_prev": {"dgmv": 9167111.85000001, "active_sellers": 98.0, "orders": 132498.0}}, "路歌(李红红)": {"dgmv": 5694141.549999987, "active_sellers": 109.0, "orders": 106093.0, "_prev": {"dgmv": 5166899.28, "active_sellers": 79.0, "orders": 68114.0}}, "全组": {"dgmv": 64001712.78999997, "active_sellers": 958.0, "orders": 647344.0,