{"last_7d": {"诺亚(单恩浩)": {"dgmv": 2148036.4899999993, "active_sellers": 113.0, "orders": 25637.0}, "大门(朱锦程)": {"dgmv": 599955.1599999998, "active_sellers": 135.0, "orders": 11198.0}, "莱拉(付艺迪)": {"dgmv": 510143.6299999998, "active_sellers": 130.0, "orders": 6968.0}, "蕾塞(张嘉悦)": {"dgmv": 509376.7799999998, "active_sellers": 129.0, "orders": 8215.0}, "秋罗(胡春秋)": {"dgmv": 396079.3199999999, "active_sellers": 57.0, "orders": 3163.0}, "路歌(李红红)": {"dgmv": 295207.0599999998, "active_sellers": 75.0, "orders": 4773.0}, "全组": {"dgmv": 4458798.439999999, "active_sellers": 639.0, "orders": 59954.0}}, "last_30d": {"秋罗(胡春秋)": {"dgmv": 8350459.920000004, "active_sellers": 68.0, "orders": 25225.0}, "蕾塞(张嘉悦)": {"dgmv": 4844172.719999997, "active_sellers": 175.0, "orders": 47948.0}, "莱拉(付艺迪)": {"dgmv": 4823446.269999996, "active_sellers": 193.0, "orders": 38768.0}, "诺亚(单恩浩)": {"dgmv": 4773055.289999999, "active_sellers": 136.0, "orders": 65719.0}, "大门(朱锦程)": {"dgmv": 4408906.859999998, "active_sellers": 179.0, "orders": 64326.0}, "路歌(李红红)": {"dgmv": 2481816.700000001, "active_sellers": 101.0, "orders": 33800.0}, "全组": {"dgmv": 29681857.759999998, "active_sellers": 852.0, "orders": 275786.0}}, "this_month": {"秋罗(胡春秋)": {"dgmv": 5970752.260000002, "active_sellers": 68.0, "orders": 19354.0}, "诺亚(单恩浩)": {"dgmv": 3981092.3399999985, "active_sellers": 133.0, "orders": 55083.0}, "莱拉(付艺迪)": {"dgmv": 3706194.439999999, "active_sellers": 186.0, "orders": 32470.0}, "大门(朱锦程)": {"dgmv": 3663620.780000001, "active_sellers": 174.0, "orders": 52874.0}, "蕾塞(张嘉悦)": {"dgmv": 3520157.6799999964, "active_sellers": 170.0, "orders": 35537.0}, "路歌(李红红)": {"dgmv": 2093946.1799999997, "active_sellers": 100.0, "orders": 28205.0}, "全组": {"dgmv": 22935763.679999996, "active_sellers": 831.0, "orders": 223523.0}}, "this_bimonth": {"秋罗(胡春秋)": {"dgmv": 21612888.809999984, "active_sellers": 75.0, "orders": 54672.0}, "大门(朱锦程)": {"dgmv": 8717405.870000008, "active_sellers": 196.0, "orders": 129030.0}, "蕾塞(张嘉悦)": {"dgmv": 7900410.039999996, "active_sellers": 196.0, "orders": 78944.0}, "莱拉(付艺迪)": {"dgmv": 7891531.159999994, "active_sellers": 220.0, "orders": 69311.0}, "诺亚(单恩浩)": {"dgmv": 7393042.14999999, "active_sellers": 147.0, "orders": 107041.0}, "路歌(李红红)": {"dgmv": 3926167.049999998, "active_sellers": 114.0, "orders": 59169.0}, "全组": {"dgmv": 57441445.079999976, "active_sellers": 948.0, "orders": 498167.0}}, "last_bimonth": {"秋罗(胡春秋)": {"dgmv": 18749564.890000023, "active_sellers": 78.0, "orders": 65163.0}, "大门(朱锦程)": {"dgmv": 14071230.24999999, "active_sellers": 196.0, "orders": 200948.0}, "蕾塞(张嘉悦)": {"dgmv": 10535317.809999984, "active_sellers": 204.0, "orders": 87794.0}, "莱拉(付艺迪)": {"dgmv": 7645328.94, "active_sellers": 223.0, "orders": 85638.0}, "诺亚(单恩浩)": {"dgmv": 7306129.349999996, "active_sellers": 148.0, "orders": 101708.0}, "路歌(李红红)": {"dgmv": 5694141.549999987, "active_sellers": 109.0, "orders": 106093.0}, "全组": {"dgmv": 64001712.789999984, "active_sellers": 958.0, "orders": 647344.0}}}