{"yesterday": {"秋罗(胡春秋)": {"dgmv": 504703.7899999999, "active_sellers": 58.0, "orders": 3111.0, "_prev": {"dgmv": 1429783.1500000001, "active_sellers": 56.0, "orders": 2302.0}}, "蕾塞(张嘉悦)": {"dgmv": 381023.3599999999, "active_sellers": 70.0, "orders": 2856.0, "_prev": {"dgmv": 435054.13000000024, "active_sellers": 75.0, "orders": 6598.0}}, "莱拉(付艺迪)": {"dgmv": 359824.74000000005, "active_sellers": 74.0, "orders": 3019.0, "_prev": {"dgmv": 547114.8600000003, "active_sellers": 72.0, "orders": 1329.0}}, "大门(朱锦程)": {"dgmv": 170935.15, "active_sellers": 83.0, "orders": 2582.0, "_prev": {"dgmv": 359591.31, "active_sellers": 88.0, "orders": 5391.0}}, "诺亚(单恩浩)": {"dgmv": 158446.7499999998, "active_sellers": 59.0, "orders": 2781.0, "_prev": {"dgmv": 288792.48999999976, "active_sellers": 48.0, "orders": 3995.0}}, "路歌(李红红)": {"dgmv": 142923.08000000002, "active_sellers": 50.0, "orders": 2097.0, "_prev": {"dgmv": 77448.06999999999, "active_sellers": 43.0, "orders": 864.0}}, "全组": {"dgmv": 1717856.8699999996, "active_sellers": 394.0, "orders": 16446.0, "_prev": {"dgmv": 3137784.0100000002, "active_sellers": 382.0, "orders": 20479.0}}}, "last_7d": {"秋罗(胡春秋)": {"dgmv": 3678161.7599999974, "active_sellers": 95.0, "orders": 13684.0, "_prev": {"dgmv": 3360896.6600000006, "active_sellers": 102.0, "orders": 13441.0}}, "蕾塞(张嘉悦)": {"dgmv": 1818575.3699999999, "active_sellers": 132.0, "orders": 16148.0, "_prev": {"dgmv": 1186508.6699999995, "active_sellers": 133.0, "orders": 9716.0}}, "莱拉(付艺迪)": {"dgmv": 1656333.2200000004, "active_sellers": 140.0, "orders": 10694.0, "_prev": {"dgmv": 890231.1300000004, "active_sellers": 140.0, "orders": 8947.0}}, "大门(朱锦程)": {"dgmv": 1357916.6599999985, "active_sellers": 153.0, "orders": 20360.0, "_prev": {"dgmv": 1679029.8200000003, "active_sellers": 141.0, "orders": 22063.0}}, "诺亚(单恩浩)": {"dgmv": 967823.5499999995, "active_sellers": 107.0, "orders": 13696.0, "_prev": {"dgmv": 819048.4999999995, "active_sellers": 111.0, "orders": 12297.0}}, "路歌(李红红)": {"dgmv": 480827.08999999997, "active_sellers": 84.0, "orders": 7269.0, "_prev": {"dgmv": 490601.4999999999, "active_sellers": 83.0, "orders": 7556.0}}, "全组": {"dgmv": 9959637.649999995, "active_sellers": 711.0, "orders": 81851.0, "_prev": {"dgmv": 8426316.280000001, "active_sellers": 710.0, "orders": 74020.0}}}, "last_14d": {"秋罗(胡春秋)": {"dgmv": 7039058.420000002, "active_sellers": 112.0, "orders": 27125.0, "_prev": {"dgmv": 9611409.629999997, "active_sellers": 118.0, "orders": 18850.0}}, "大门(朱锦程)": {"dgmv": 3036946.4799999953, "active_sellers": 166.0, "orders": 42423.0, "_prev": {"dgmv": 1852114.3499999999, "active_sellers": 162.0, "orders": 30605.0}}, "蕾塞(张嘉悦)": {"dgmv": 3005084.040000001, "active_sellers": 158.0, "orders": 25864.0, "_prev": {"dgmv": 1158834.2599999998, "active_sellers": 148.0, "orders": 14957.0}}, "莱拉(付艺迪)": {"dgmv": 2546564.3500000006, "active_sellers": 168.0, "orders": 19641.0, "_prev": {"dgmv": 1399599.5299999989, "active_sellers": 166.0, "orders": 14896.0}}, "诺亚(单恩浩)": {"dgmv": 1786872.0499999982, "active_sellers": 121.0, "orders": 25993.0, "_prev": {"dgmv": 1236100.6299999992, "active_sellers": 121.0, "orders": 21596.0}}, "路歌(李红红)": {"dgmv": 971428.5899999996, "active_sellers": 100.0, "orders": 14825.0, "_prev": {"dgmv": 1400889.4499999986, "active_sellers": 105.0, "orders": 24201.0}}, "全组": {"dgmv": 18385953.929999996, "active_sellers": 825.0, "orders": 155871.0, "_prev": {"dgmv": 16658947.849999994, "active_sellers": 820.0, "orders": 125105.0}}}, "last_30d": {"秋罗(胡春秋)": {"dgmv": 17014938.69000001, "active_sellers": 133.0, "orders": 48504.0, "_prev": {"dgmv": 9885277.339999996, "active_sellers": 136.0, "orders": 53040.0}}, "大门(朱锦程)": {"dgmv": 4953807.519999991, "active_sellers": 183.0, "orders": 74403.0, "_prev": {"dgmv": 6090900.1699999925, "active_sellers": 177.0, "orders": 92413.0}}, "蕾塞(张嘉悦)": {"dgmv": 4209047.91, "active_sellers": 176.0, "orders": 41544.0, "_prev": {"dgmv": 5130890.759999998, "active_sellers": 176.0, "orders": 38758.0}}, "莱拉(付艺迪)": {"dgmv": 4026404.479999993, "active_sellers": 200.0, "orders": 35467.0, "_prev": {"dgmv": 3351289.2299999953, "active_sellers": 203.0, "orders": 42740.0}}, "诺亚(单恩浩)": {"dgmv": 3134688.139999998, "active_sellers": 132.0, "orders": 49138.0, "_prev": {"dgmv": 3439597.7599999974, "active_sellers": 139.0, "orders": 49384.0}}, "路歌(李红红)": {"dgmv": 2584194.069999998, "active_sellers": 121.0, "orders": 42445.0, "_prev": {"dgmv": 5325804.750000003, "active_sellers": 128.0, "orders": 75456.0}}, "全组": {"dgmv": 35923080.80999999, "active_sellers": 945.0, "orders": 291501.0, "_prev": {"dgmv": 33223760.009999983, "active_sellers": 959.0, "orders": 351791.0}}}, "this_month": {"秋罗(胡春秋)": {"dgmv": 17014938.69000001, "active_sellers": 133.0, "orders": 48504.0, "_prev": {"dgmv": 9885277.339999996, "active_sellers": 136.0, "orders": 53040.0}}, "大门(朱锦程)": {"dgmv": 4953807.519999991, "active_sellers": 183.0, "orders": 74403.0, "_prev": {"dgmv": 6090900.1699999925, "active_sellers": 177.0, "orders": 92413.0}}, "蕾塞(张嘉悦)": {"dgmv": 4209047.91, "active_sellers": 176.0, "orders": 41544.0, "_prev": {"dgmv": 5130890.759999998, "active_sellers": 176.0, "orders": 38758.0}}, "莱拉(付艺迪)": {"dgmv": 4026404.479999993, "active_sellers": 200.0, "orders": 35467.0, "_prev": {"dgmv": 3351289.2299999953, "active_sellers": 203.0, "orders": 42740.0}}, "诺亚(单恩浩)": {"dgmv": 3134688.139999998, "active_sellers": 132.0, "orders": 49138.0, "_prev": {"dgmv": 3439597.7599999974, "active_sellers": 139.0, "orders": 49384.0}}, "路歌(李红红)": {"dgmv": 2584194.069999998, "active_sellers": 121.0, "orders": 42445.0, "_prev": {"dgmv": 5325804.750000003, "active_sellers": 128.0, "orders": 75456.0}}, "全组": {"dgmv": 35923080.80999999, "active_sellers": 945.0, "orders": 291501.0, "_prev": {"dgmv": 33223760.009999983, "active_sellers": 959.0, "orders": 351791.0}}}, "this_bimonth": {"秋罗(胡春秋)": {"dgmv": 17014938.69000001, "active_sellers": 133.0, "orders": 48504.0, "_prev": {"dgmv": 15984762.97, "active_sellers": 137.0, "orders": 55468.0}}, "大门(朱锦程)": {"dgmv": 4953807.520000001, "active_sellers": 183.0, "orders": 74403.0, "_prev": {"dgmv": 7707769.109999994, "active_sellers": 175.0, "orders": 103881.0}}, "蕾塞(张嘉悦)": {"dgmv": 4209047.909999996, "active_sellers": 176.0, "orders": 41544.0, "_prev": {"dgmv": 4841152.580000002, "active_sellers": 176.0, "orders": 47228.0}}, "莱拉(付艺迪)": {"dgmv": 4026404.479999998, "active_sellers": 200.0, "orders": 35467.0, "_prev": {"dgmv": 4159397.3499999945, "active_sellers": 193.0, "orders": 41558.0}}, "诺亚(单恩浩)": {"dgmv": 3134688.1399999997, "active_sellers": 132.0, "orders": 49138.0, "_prev": {"dgmv": 3753898.379999997, "active_sellers": 132.0, "orders": 50747.0}}, "路歌(李红红)": {"dgmv": 2584194.069999999, "active_sellers": 121.0, "orders": 42445.0, "_prev": {"dgmv": 3849189.13999999, "active_sellers": 115.0, "orders": 64594.0}}, "全组": {"dgmv": 35923080.81, "active_sellers": 945.0, "orders": 291501.0, "_prev": {"dgmv": 40296169.52999998, "active_sellers": 928.0, "orders": 363476.0}}}, "last_bimonth": {"秋罗(胡春秋)": {"dgmv": 26190178.779999975, "active_sellers": 155.0, "orders": 109548.0, "_prev": {"dgmv": 29648313.379999995, "active_sellers": 108.0, "orders": 125057.0}}, "大门(朱锦程)": {"dgmv": 14071230.250000007, "active_sellers": 196.0, "orders": 200948.0, "_prev": {"dgmv": 9129820.120000008, "active_sellers": 160.0, "orders": 135033.0}}, "蕾塞(张嘉悦)": {"dgmv": 10455084.24, "active_sellers": 203.0, "orders": 87617.0, "_prev": {"dgmv": 11816100.099999992, "active_sellers": 185.0, "orders": 109051.0}}, "路歌(李红红)": {"dgmv": 9260460.459999975, "active_sellers": 141.0, "orders": 141472.0, "_prev": {"dgmv": 5938487.64, "active_sellers": 105.0, "orders": 71710.0}}, "莱拉(付艺迪)": {"dgmv": 7645328.939999997, "active_sellers": 223.0, "orders": 85638.0, "_prev": {"dgmv": 9282205.310000008, "active_sellers": 181.0, "orders": 94532.0}}, "诺亚(单恩浩)": {"dgmv": 7306129.350000003, "active_sellers": 148.0, "orders": 101708.0, "_prev": {"dgmv": 9167111.850000016, "active_sellers": 98.0,