{"yesterday": {"秋罗(胡春秋)": {"dgmv": 523470.11, "active_sellers": 54.0, "orders": 1721.0, "_prev": {"dgmv": 48379.48000000002, "active_sellers": 51.0, "orders": 402.0}}, "大门(朱锦程)": {"dgmv": 130465.19999999992, "active_sellers": 89.0, "orders": 2429.0, "_prev": {"dgmv": 131454.54, "active_sellers": 85.0, "orders": 1954.0}}, "诺亚(单恩浩)": {"dgmv": 101003.61999999997, "active_sellers": 66.0, "orders": 1765.0, "_prev": {"dgmv": 150787.90999999992, "active_sellers": 69.0, "orders": 2182.0}}, "路歌(李红红)": {"dgmv": 83941.55999999998, "active_sellers": 45.0, "orders": 1389.0, "_prev": {"dgmv": 57724.58000000001, "active_sellers": 43.0, "orders": 900.0}}, "蕾塞(张嘉悦)": {"dgmv": 78229.92, "active_sellers": 82.0, "orders": 1258.0, "_prev": {"dgmv": 63765.590000000004, "active_sellers": 66.0, "orders": 783.0}}, "莱拉(付艺迪)": {"dgmv": 74422.96999999996, "active_sellers": 63.0, "orders": 916.0, "_prev": {"dgmv": 52354.36000000002, "active_sellers": 54.0, "orders": 801.0}}, "全组": {"dgmv": 991533.3799999999, "active_sellers": 399.0, "orders": 9478.0, "_prev": {"dgmv": 504466.4600000001, "active_sellers": 368.0, "orders": 7022.0}}}, "last_7d": {"秋罗(胡春秋)": {"dgmv": 3174452.5900000012, "active_sellers": 100.0, "orders": 9644.0, "_prev": {"dgmv": 6731002.760000001, "active_sellers": 105.0, "orders": 9334.0}}, "莱拉(付艺迪)": {"dgmv": 1277381.9199999983, "active_sellers": 143.0, "orders": 11955.0, "_prev": {"dgmv": 333844.9699999998, "active_sellers": 129.0, "orders": 5376.0}}, "大门(朱锦程)": {"dgmv": 1212438.9799999993, "active_sellers": 144.0, "orders": 20622.0, "_prev": {"dgmv": 907849.7699999994, "active_sellers": 140.0, "orders": 14300.0}}, "路歌(李红红)": {"dgmv": 984798.4, "active_sellers": 89.0, "orders": 17041.0, "_prev": {"dgmv": 538589.8099999999, "active_sellers": 85.0, "orders": 9352.0}}, "诺亚(单恩浩)": {"dgmv": 944208.0599999996, "active_sellers": 106.0, "orders": 17524.0, "_prev": {"dgmv": 603858.9399999992, "active_sellers": 108.0, "orders": 9051.0}}, "蕾塞(张嘉悦)": {"dgmv": 932514.9800000003, "active_sellers": 128.0, "orders": 11401.0, "_prev": {"dgmv": 411350.65, "active_sellers": 127.0, "orders": 5988.0}}, "全组": {"dgmv": 8525794.93, "active_sellers": 710.0, "orders": 88187.0, "_prev": {"dgmv": 9526496.9, "active_sellers": 694.0, "orders": 53401.0}}}, "last_14d": {"秋罗(胡春秋)": {"dgmv": 9905455.350000007, "active_sellers": 121.0, "orders": 18978.0, "_prev": {"dgmv": 5740022.140000001, "active_sellers": 114.0, "orders": 25255.0}}, "大门(朱锦程)": {"dgmv": 2120288.749999998, "active_sellers": 165.0, "orders": 34922.0, "_prev": {"dgmv": 2208260.6399999987, "active_sellers": 159.0, "orders": 34183.0}}, "莱拉(付艺迪)": {"dgmv": 1611226.889999999, "active_sellers": 170.0, "orders": 17331.0, "_prev": {"dgmv": 1311566.0600000003, "active_sellers": 160.0, "orders": 16857.0}}, "诺亚(单恩浩)": {"dgmv": 1548066.9999999988, "active_sellers": 121.0, "orders": 26575.0, "_prev": {"dgmv": 1288777.9000000004, "active_sellers": 115.0, "orders": 20943.0}}, "路歌(李红红)": {"dgmv": 1523388.2099999995, "active_sellers": 103.0, "orders": 26393.0, "_prev": {"dgmv": 2684093.3100000024, "active_sellers": 116.0, "orders": 40192.0}}, "蕾塞(张嘉悦)": {"dgmv": 1343865.6300000001, "active_sellers": 148.0, "orders": 17389.0, "_prev": {"dgmv": 3194129.060000001, "active_sellers": 150.0, "orders": 15822.0}}, "全组": {"dgmv": 18052291.830000002, "active_sellers": 828.0, "orders": 141588.0, "_prev": {"dgmv": 16426849.110000003, "active_sellers": 814.0, "orders": 153252.0}}}, "last_30d": {"秋罗(胡春秋)": {"dgmv": 15931131.929999998, "active_sellers": 138.0, "orders": 45324.0, "_prev": {"dgmv": 12717991.050000012, "active_sellers": 138.0, "orders": 55650.0}}, "蕾塞(张嘉悦)": {"dgmv": 4692209.649999999, "active_sellers": 171.0, "orders": 35337.0, "_prev": {"dgmv": 4309650.359999997, "active_sellers": 174.0, "orders": 42868.0}}, "大门(朱锦程)": {"dgmv": 4614124.25, "active_sellers": 179.0, "orders": 74232.0, "_prev": {"dgmv": 7556970.370000001, "active_sellers": 183.0, "orders": 104696.0}}, "路歌(李红红)": {"dgmv": 4328244.990000005, "active_sellers": 125.0, "orders": 68665.0, "_prev": {"dgmv": 4201856.429999998, "active_sellers": 126.0, "orders": 55878.0}}, "莱拉(付艺迪)": {"dgmv": 3016296.5599999954, "active_sellers": 196.0, "orders": 35505.0, "_prev": {"dgmv": 3854146.959999997, "active_sellers": 205.0, "orders": 43855.0}}, "诺亚(单恩浩)": {"dgmv": 2986366.529999996, "active_sellers": 135.0, "orders": 49614.0, "_prev": {"dgmv": 3299564.3899999987, "active_sellers": 138.0, "orders": 44916.0}}, "全组": {"dgmv": 35568373.91, "active_sellers": 944.0, "orders": 308677.0, "_prev": {"dgmv": 35940179.56, "active_sellers": 964.0, "orders": 347863.0}}}, "this_month": {"秋罗(胡春秋)": {"dgmv": 10717870.480000002, "active_sellers": 123.0, "orders": 24769.0, "_prev": {"dgmv": 4672015.889999997, "active_sellers": 127.0, "orders": 32485.0}}, "大门(朱锦程)": {"dgmv": 2279780.8099999996, "active_sellers": 169.0, "orders": 38313.0, "_prev": {"dgmv": 3756556.7300000014, "active_sellers": 166.0, "orders": 56494.0}}, "路歌(李红红)": {"dgmv": 1841664.01, "active_sellers": 110.0, "orders": 31496.0, "_prev": {"dgmv": 2839223.7699999968, "active_sellers": 111.0, "orders": 38287.0}}, "诺亚(单恩浩)": {"dgmv": 1776794.5999999987, "active_sellers": 126.0, "orders": 29676.0, "_prev": {"dgmv": 2230025.829999999, "active_sellers": 129.0, "orders": 29446.0}}, "莱拉(付艺迪)": {"dgmv": 1772528.769999999, "active_sellers": 178.0, "orders": 19435.0, "_prev": {"dgmv": 2107521.439999997, "active_sellers": 183.0, "orders": 26670.0}}, "蕾塞(张嘉悦)": {"dgmv": 1457047.69, "active_sellers": 155.0, "orders": 19035.0, "_prev": {"dgmv": 1895728.8000000007, "active_sellers": 160.0, "orders": 22456.0}}, "全组": {"dgmv": 19845686.360000003, "active_sellers": 861.0, "orders": 162724.0, "_prev": {"dgmv": 17501072.45999999, "active_sellers": 876.0, "orders": 205838.0}}}, "this_bimonth": {"秋罗(胡春秋)": {"dgmv": 10717870.480000002, "active_sellers": 123.0, "orders": 24769.0, "_prev": {"dgmv": 7752737.109999998, "active_sellers": 124.0, "orders": 30025.0}}, "大门(朱锦程)": {"dgmv": 2279780.8099999996, "active_sellers": 169.0, "orders": 38313.0, "_prev": {"dgmv": 3725501.1399999955, "active_sellers": 158.0, "orders": 55011.0}}, "路歌(李红红)": {"dgmv": 1841664.01, "active_sellers": 110.0, "orders": 31496.0, "_prev": {"dgmv": 2492634.2199999923, "active_sellers": 103.0, "orders": 47249.0}}, "诺亚(单恩浩)": {"dgmv": 1776794.5999999987, "active_sellers": 126.0, "orders": 29676.0, "_prev": {"dgmv": 2246030.1699999976, "active_sellers": 126.0, "orders": 30284.0}}, "莱拉(付艺迪)": {"dgmv": 1772528.769999999, "active_sellers": 178.0, "orders": 19435.0, "_prev": {"dgmv": 2452163.7000000007, "active_sellers": 175.0, "orders": 24467.0}}, "蕾塞(张嘉悦)": {"dgmv": 1457047.69, "active_sellers": 155.0, "orders": 19035.0, "_prev": {"dgmv": 2559892.9999999995, "active_sellers": 156.0, "orders": 23564.0}}, "全组": {"dgmv": 19845686.360000003, "active_sellers": 861.0, "orders": 162724.0, "_prev": {"dgmv": 21228959.33999998, "active_sellers": 842.0, "orders": 210600.0}}}, "last_bimonth": {"秋罗(胡春秋)": {"dgmv": 26190178.780000012, "active_sellers": 155.0, "orders": 109548.0, "_prev": {"dgmv": 29648313.38, "active_sellers": 108.0, "orders": 125057.0}}, "大门(朱锦程)": {"dgmv": 14071230.249999996, "active_sellers": 196.0, "orders": 200948.0, "_prev": {"dgmv": 9129820.12000001, "active_sellers": 160.0, "orders": 135033.0}}, "蕾塞(张嘉悦)": {"dgmv": 10455084.239999995, "active_sellers": 203.0, "orders": 87617.0, "_prev": {"dgmv": 11813108.530000012, "active_sellers": 184.0, "orders": 108855.0}}, "路歌(李红红)": {"dgmv": 9260460.459999999, "active_sellers": 141.0, "orders": 141472.0, "_prev": {"dgmv": 5938487.64, "active_sellers": 105.0, "orders": 71710.0}}, "莱拉(付艺迪)": {"dgmv": 7645328.940000002, "active_sellers": 223.0, "orders": 85638.0, "_prev": {"dgmv": 9282205.310000004, "active_sellers": 181.0, "orders": 94532.0}}, "诺亚(单恩浩)": {"dgmv": 7306129.350000001, "active_sellers": 148.0, "orders": 101708.0, "_prev": {"dgmv": 9167111.850000022, "active_sellers": 98.0, "orders": 132498.0}}, "全组": {"dgmv": 74928412.02, "active_sellers": 1066.0,