{"yesterday": {"大门(朱锦程)": {"dgmv": 623533.2900000005, "active_sellers": 80.0, "orders": 7369.0, "_prev": {"dgmv": 130465.19999999997, "active_sellers": 89.0, "orders": 2429.0}}, "秋罗(胡春秋)": {"dgmv": 311311.77, "active_sellers": 48.0, "orders": 1361.0, "_prev": {"dgmv": 523470.11, "active_sellers": 54.0, "orders": 1721.0}}, "莱拉(付艺迪)": {"dgmv": 94755.36000000003, "active_sellers": 59.0, "orders": 1010.0, "_prev": {"dgmv": 74422.96999999997, "active_sellers": 63.0, "orders": 916.0}}, "诺亚(单恩浩)": {"dgmv": 94095.7299999998, "active_sellers": 66.0, "orders": 1676.0, "_prev": {"dgmv": 101003.6199999999, "active_sellers": 66.0, "orders": 1765.0}}, "路歌(李红红)": {"dgmv": 80179.02999999993, "active_sellers": 47.0, "orders": 912.0, "_prev": {"dgmv": 83941.56000000001, "active_sellers": 45.0, "orders": 1389.0}}, "蕾塞(张嘉悦)": {"dgmv": 53464.159999999996, "active_sellers": 77.0, "orders": 788.0, "_prev": {"dgmv": 78229.92, "active_sellers": 82.0, "orders": 1258.0}}, "全组": {"dgmv": 1257339.3400000003, "active_sellers": 377.0, "orders": 13116.0, "_prev": {"dgmv": 991533.3799999999, "active_sellers": 399.0, "orders": 9478.0}}}, "last_7d": {"秋罗(胡春秋)": {"dgmv": 3233080.29, "active_sellers": 98.0, "orders": 9480.0, "_prev": {"dgmv": 6727827.1099999985, "active_sellers": 105.0, "orders": 9858.0}}, "大门(朱锦程)": {"dgmv": 1670033.989999999, "active_sellers": 141.0, "orders": 25906.0, "_prev": {"dgmv": 950790.2199999994, "active_sellers": 143.0, "orders": 14275.0}}, "莱拉(付艺迪)": {"dgmv": 1303675.8, "active_sellers": 142.0, "orders": 11499.0, "_prev": {"dgmv": 357723.3899999997, "active_sellers": 130.0, "orders": 5934.0}}, "诺亚(单恩浩)": {"dgmv": 986392.7999999999, "active_sellers": 102.0, "orders": 18184.0, "_prev": {"dgmv": 587690.0299999997, "active_sellers": 108.0, "orders": 8958.0}}, "路歌(李红红)": {"dgmv": 946925.4600000002, "active_sellers": 88.0, "orders": 16217.0, "_prev": {"dgmv": 595936.83, "active_sellers": 86.0, "orders": 10139.0}}, "蕾塞(张嘉悦)": {"dgmv": 933967.0, "active_sellers": 130.0, "orders": 11495.0, "_prev": {"dgmv": 406694.9300000001, "active_sellers": 134.0, "orders": 5704.0}}, "全组": {"dgmv": 9074075.34, "active_sellers": 701.0, "orders": 92781.0, "_prev": {"dgmv": 9626662.509999998, "active_sellers": 706.0, "orders": 54868.0}}}, "last_14d": {"秋罗(胡春秋)": {"dgmv": 9960907.399999995, "active_sellers": 120.0, "orders": 19338.0, "_prev": {"dgmv": 5924080.120000005, "active_sellers": 113.0, "orders": 25677.0}}, "大门(朱锦程)": {"dgmv": 2620824.209999998, "active_sellers": 164.0, "orders": 40181.0, "_prev": {"dgmv": 1664252.0399999982, "active_sellers": 155.0, "orders": 29508.0}}, "莱拉(付艺迪)": {"dgmv": 1661399.1899999985, "active_sellers": 170.0, "orders": 17433.0, "_prev": {"dgmv": 1290438.6899999992, "active_sellers": 154.0, "orders": 16951.0}}, "诺亚(单恩浩)": {"dgmv": 1574082.8300000003, "active_sellers": 121.0, "orders": 27142.0, "_prev": {"dgmv": 1259452.3099999984, "active_sellers": 114.0, "orders": 20473.0}}, "路歌(李红红)": {"dgmv": 1542862.2899999996, "active_sellers": 103.0, "orders": 26356.0, "_prev": {"dgmv": 2662261.0200000033, "active_sellers": 116.0, "orders": 39540.0}}, "蕾塞(张嘉悦)": {"dgmv": 1340661.9299999992, "active_sellers": 151.0, "orders": 17199.0, "_prev": {"dgmv": 3177300.5199999996, "active_sellers": 150.0, "orders": 15444.0}}, "全组": {"dgmv": 18700737.84999999, "active_sellers": 829.0, "orders": 147649.0, "_prev": {"dgmv": 15977784.700000005, "active_sellers": 802.0, "orders": 147593.0}}}, "last_30d": {"秋罗(胡春秋)": {"dgmv": 16173819.120000005, "active_sellers": 138.0, "orders": 46190.0, "_prev": {"dgmv": 9694349.67, "active_sellers": 138.0, "orders": 52637.0}}, "大门(朱锦程)": {"dgmv": 5105869.8900000015, "active_sellers": 181.0, "orders": 79364.0, "_prev": {"dgmv": 7491497.36, "active_sellers": 183.0, "orders": 103366.0}}, "蕾塞(张嘉悦)": {"dgmv": 4687494.319999998, "active_sellers": 173.0, "orders": 35534.0, "_prev": {"dgmv": 4118004.489999999, "active_sellers": 174.0, "orders": 41285.0}}, "路歌(李红红)": {"dgmv": 4340007.770000002, "active_sellers": 127.0, "orders": 68476.0, "_prev": {"dgmv": 3957763.549999998, "active_sellers": 124.0, "orders": 54972.0}}, "莱拉(付艺迪)": {"dgmv": 3061587.099999999, "active_sellers": 196.0, "orders": 35912.0, "_prev": {"dgmv": 3613317.0299999956, "active_sellers": 203.0, "orders": 42378.0}}, "诺亚(单恩浩)": {"dgmv": 3018330.6299999957, "active_sellers": 136.0, "orders": 50302.0, "_prev": {"dgmv": 3204897.2699999954, "active_sellers": 137.0, "orders": 43815.0}}, "全组": {"dgmv": 36387108.830000006, "active_sellers": 951.0, "orders": 315778.0, "_prev": {"dgmv": 32079829.36999999, "active_sellers": 959.0, "orders": 338453.0}}}, "this_month": {"秋罗(胡春秋)": {"dgmv": 11029182.249999998, "active_sellers": 125.0, "orders": 26130.0, "_prev": {"dgmv": 4740640.469999998, "active_sellers": 128.0, "orders": 32980.0}}, "大门(朱锦程)": {"dgmv": 2903314.1, "active_sellers": 171.0, "orders": 45682.0, "_prev": {"dgmv": 3888344.379999996, "active_sellers": 169.0, "orders": 58731.0}}, "路歌(李红红)": {"dgmv": 1921843.0400000003, "active_sellers": 112.0, "orders": 32408.0, "_prev": {"dgmv": 2907640.0199999986, "active_sellers": 112.0, "orders": 39388.0}}, "诺亚(单恩浩)": {"dgmv": 1870890.3299999982, "active_sellers": 127.0, "orders": 31352.0, "_prev": {"dgmv": 2292157.459999997, "active_sellers": 130.0, "orders": 30434.0}}, "莱拉(付艺迪)": {"dgmv": 1867284.1299999992, "active_sellers": 179.0, "orders": 20445.0, "_prev": {"dgmv": 2156986.2599999993, "active_sellers": 184.0, "orders": 27273.0}}, "蕾塞(张嘉悦)": {"dgmv": 1510511.8500000008, "active_sellers": 159.0, "orders": 19823.0, "_prev": {"dgmv": 1953908.2899999993, "active_sellers": 161.0, "orders": 23047.0}}, "全组": {"dgmv": 21103025.7, "active_sellers": 873.0, "orders": 175840.0, "_prev": {"dgmv": 17939676.87999999, "active_sellers": 884.0, "orders": 211853.0}}}, "this_bimonth": {"秋罗(胡春秋)": {"dgmv": 11029182.249999998, "active_sellers": 125.0, "orders": 26130.0, "_prev": {"dgmv": 8258926.280000005, "active_sellers": 125.0, "orders": 33343.0}}, "大门(朱锦程)": {"dgmv": 2903314.1, "active_sellers": 171.0, "orders": 45682.0, "_prev": {"dgmv": 4179916.439999993, "active_sellers": 159.0, "orders": 60333.0}}, "路歌(李红红)": {"dgmv": 1921843.0400000003, "active_sellers": 112.0, "orders": 32408.0, "_prev": {"dgmv": 2572023.049999993, "active_sellers": 103.0, "orders": 48425.0}}, "诺亚(单恩浩)": {"dgmv": 1870890.3299999982, "active_sellers": 127.0, "orders": 31352.0, "_prev": {"dgmv": 2796993.029999997, "active_sellers": 127.0, "orders": 36854.0}}, "莱拉(付艺迪)": {"dgmv": 1867284.1299999992, "active_sellers": 179.0, "orders": 20445.0, "_prev": {"dgmv": 2547414.190000001, "active_sellers": 178.0, "orders": 25713.0}}, "蕾塞(张嘉悦)": {"dgmv": 1510511.8500000008, "active_sellers": 159.0, "orders": 19823.0, "_prev": {"dgmv": 2910271.919999998, "active_sellers": 160.0, "orders": 28447.0}}, "全组": {"dgmv": 21103025.7, "active_sellers": 873.0, "orders": 175840.0, "_prev": {"dgmv": 23265544.90999999, "active_sellers": 852.0, "orders": 233115.0}}}, "last_bimonth": {"秋罗(胡春秋)": {"dgmv": 26190178.780000042, "active_sellers": 155.0, "orders": 109548.0, "_prev": {"dgmv": 29648313.37999997, "active_sellers": 108.0, "orders": 125057.0}}, "大门(朱锦程)": {"dgmv": 14071230.250000045, "active_sellers": 196.0, "orders": 200948.0, "_prev": {"dgmv": 9129820.12000001, "active_sellers": 160.0, "orders": 135033.0}}, "蕾塞(张嘉悦)": {"dgmv": 10455084.239999998, "active_sellers": 203.0, "orders": 87617.0, "_prev": {"dgmv": 11813108.529999992, "active_sellers": 184.0, "orders": 108855.0}}, "路歌(李红红)": {"dgmv": 9260460.459999992, "active_sellers": 141.0, "orders": 141472.0, "_prev": {"dgmv": 5938487.639999999, "active_sellers": 105.0, "orders": 71710.0}}, "莱拉(付艺迪)": {"dgmv": 7645328.939999999, "active_sellers": 223.0, "orders": 85638.0, "_prev": {"dgmv": 9282205.309999999, "active_sellers": 181.0, "orders": 94532.0}}, "诺亚(单恩浩)": {"dgmv": 7306129.350000002, "active_sellers": 148.0, "orders": 101708.0, "_prev": {"dgmv": 9167111.85000001, "active_sellers": 98.0, "orders": 132498.0}}, "全组": {"dgmv": 74928412.02000009,