{"yesterday": {"秋罗(胡春秋)": {"duration_h": 634.0905555555555, "exposure_pv": 1095723.0, "purchase_pv": 3460.0, "ctr": 0.003157732383093172, "cvr": 0.027333599153043408, "dgmv": 913929.0700000003, "aov": 264.14134971098275, "exposure_per_hour": 1728.0228989374984}, "路歌(李红红)": {"duration_h": 605.02, "exposure_pv": 1454527.0, "purchase_pv": 6049.0, "ctr": 0.0041587402640171, "cvr": 0.028494128482615705, "dgmv": 457074.3000000002, "aov": 75.5619606546537, "exposure_per_hour": 2404.097385210406}, "大门(朱锦程)": {"duration_h": 506.76916666666665, "exposure_pv": 667516.0, "purchase_pv": 4840.0, "ctr": 0.007250762528538642, "cvr": 0.02451059930706016, "dgmv": 164385.62999999986, "aov": 33.96397314049584, "exposure_per_hour": 1317.199316585625}, "莱拉(付艺迪)": {"duration_h": 490.02555555555557, "exposure_pv": 335833.0, "purchase_pv": 1756.0, "ctr": 0.005228789308972019, "cvr": 0.02018438329375611, "dgmv": 107147.82999999994, "aov": 61.01812642369017, "exposure_per_hour": 685.3377261503368}, "诺亚(单恩浩)": {"duration_h": 413.55805555555554, "exposure_pv": 543252.0, "purchase_pv": 3649.0, "ctr": 0.006716956403289818, "cvr": 0.042774451428855755, "dgmv": 206640.45000000042, "aov": 56.629336804604115, "exposure_per_hour": 1313.6051703072726}, "蕾塞(张嘉悦)": {"duration_h": 377.28277777777777, "exposure_pv": 363077.0, "purchase_pv": 1455.0, "ctr": 0.004007414405208813, "cvr": 0.02100605421638632, "dgmv": 156441.21999999994, "aov": 107.51973883161509, "exposure_per_hour": 962.3471342597433}, "全组": {"duration_h": 3026.7461111111115, "exposure_pv": 4459928.0, "purchase_pv": 21209.0, "dgmv": 2005618.5000000007, "exposure_per_hour": 1473.5058165690582, "ctr": 0.004755457935643804, "aov": 94.56450091942104, "cvr": 0.028116923214970946}}, "last_7d": {}, "last_14d": {}, "last_30d": {"大门(朱锦程)": {"duration_h": 21465.711666666666, "exposure_pv": 23804038.0, "purchase_pv": 172876.0, "ctr": 0.007262465301055224, "cvr": 0.023641151081140496, "dgmv": 5990903.390000002, "aov": 34.6543383118536, "exposure_per_hour": 1108.933091510981}, "秋罗(胡春秋)": {"duration_h": 20447.397222222222, "exposure_pv": 35590955.0, "purchase_pv": 116684.0, "ctr": 0.0032784734211262385, "cvr": 0.027718486594618407, "dgmv": 27125269.489999995, "aov": 232.46777184532579, "exposure_per_hour": 1740.6105341035664}, "路歌(李红红)": {"duration_h": 19880.08111111111, "exposure_pv": 43034339.0, "purchase_pv": 192268.0, "ctr": 0.004467780950463768, "cvr": 0.02605333397759036, "dgmv": 11412974.690000005, "aov": 59.35972023425638, "exposure_per_hour": 2164.6963490479834}, "莱拉(付艺迪)": {"duration_h": 17170.703611111112, "exposure_pv": 10470629.0, "purchase_pv": 56900.0, "ctr": 0.005434248505987558, "cvr": 0.0220571089344019, "dgmv": 3299153.6799999992, "aov": 57.98161124780315, "exposure_per_hour": 609.7961526296737}, "蕾塞(张嘉悦)": {"duration_h": 11560.592777777778, "exposure_pv": 13703131.0, "purchase_pv": 45651.0, "ctr": 0.0033314284158853917, "cvr": 0.02187228097312705, "dgmv": 5441275.1499999985, "aov": 119.19290157937391, "exposure_per_hour": 1185.3311731852273}, "诺亚(单恩浩)": {"duration_h": 11395.456666666667, "exposure_pv": 20497962.0, "purchase_pv": 116824.0, "ctr": 0.005699298300972555, "cvr": 0.03797712300233486, "dgmv": 6755702.760000009, "aov": 57.828038416763754, "exposure_per_hour": 1798.7837257948124}, "全组": {"duration_h": 101919.94305555556, "exposure_pv": 147101054.0, "purchase_pv": 701203.0, "dgmv": 60025279.16000001, "exposure_per_hour": 1443.3000018437674, "ctr": 0.004766811528080553, "aov": 85.60328344288318, "cvr": 0.02705347328311923}}, "this_month": {"大门(朱锦程)": {"duration_h": 10952.677777777777, "exposure_pv": 12095060.0, "purchase_pv": 93596.0, "ctr": 0.007738365911372081, "cvr": 0.025707814325874417, "dgmv": 3054994.0500000026, "aov": 32.64022020171805, "exposure_per_hour": 1104.3016370425903}, "秋罗(胡春秋)": {"duration_h": 10682.760555555555, "exposure_pv": 18153516.0, "purchase_pv": 65064.0, "ctr": 0.0035840990803103928, "cvr": 0.027401590379210153, "dgmv": 11933906.73, "aov": 183.41796892290668, "exposure_per_hour": 1699.3281751091286}, "路歌(李红红)": {"duration_h": 10401.068055555555, "exposure_pv": 23257137.0, "purchase_pv": 98606.0, "ctr": 0.004239816792582853, "cvr": 0.026681657764192936, "dgmv": 5814662.160000004, "aov": 58.96864450439125, "exposure_per_hour": 2236.0335376882367}, "莱拉(付艺迪)": {"duration_h": 8876.204166666666, "exposure_pv": 5742449.0, "purchase_pv": 30693.0, "ctr": 0.005344932101268988, "cvr": 0.020871015863834736, "dgmv": 1764652.999999999, "aov": 57.493663050206855, "exposure_per_hour": 646.9487285527927}, "诺亚(单恩浩)": {"duration_h": 6232.543055555556, "exposure_pv": 10474862.0, "purchase_pv": 62114.0, "ctr": 0.0059298155908879754, "cvr": 0.03607424749579268, "dgmv": 3767663.5800000057, "aov": 60.657236371832525, "exposure_per_hour": 1680.6722242637268}, "蕾塞(张嘉悦)": {"duration_h": 6088.576944444444, "exposure_pv": 6367068.0, "purchase_pv": 20007.0, "ctr": 0.0031422626552755524, "cvr": 0.020792685885551082, "dgmv": 2638077.7000000016, "aov": 131.85773479282258, "exposure_per_hour": 1045.7399254532977}, "全组": {"duration_h": 53233.830555555556, "exposure_pv": 76090092.0, "purchase_pv": 370080.0, "dgmv": 28973957.220000014, "exposure_per_hour": 1429.3559416242147, "ctr": 0.004863708142184925, "aov": 78.29106468871599, "cvr": 0.027060339071586042}}, "this_bimonth": {"大门(朱锦程)": {"duration_h": 10952.677777777777, "exposure_pv": 12095060.0, "purchase_pv": 93596.0, "ctr": 0.007738365911372081, "cvr": 0.025707814325874417, "dgmv": 3054994.0500000026, "aov": 32.64022020171805, "exposure_per_hour": 1104.3016370425903}, "秋罗(胡春秋)": {"duration_h": 10682.760555555555, "exposure_pv": 18153516.0, "purchase_pv": 65064.0, "ctr": 0.0035840990803103928, "cvr": 0.027401590379210153, "dgmv": 11933906.73, "aov": 183.41796892290668, "exposure_per_hour": 1699.3281751091286}, "路歌(李红红)": {"duration_h": 10401.068055555555, "exposure_pv": 23257137.0, "purchase_pv": 98606.0, "ctr": 0.004239816792582853, "cvr": 0.026681657764192936, "dgmv": 5814662.160000004, "aov": 58.96864450439125, "exposure_per_hour": 2236.0335376882367}, "莱拉(付艺迪)": {"duration_h": 8876.204166666666, "exposure_pv": 5742449.0, "purchase_pv": 30693.0, "ctr": 0.005344932101268988, "cvr": 0.020871015863834736, "dgmv": 1764652.999999999, "aov": 57.493663050206855, "exposure_per_hour": 646.9487285527927}, "诺亚(单恩浩)": {"duration_h": 6232.543055555556, "exposure_pv": 10474862.0, "purchase_pv": 62114.0, "ctr": 0.0059298155908879754, "cvr": 0.03607424749579268, "dgmv": 3767663.5800000057, "aov": 60.657236371832525, "exposure_per_hour": 1680.6722242637268}, "蕾塞(张嘉悦)": {"duration_h": 6088.576944444444, "exposure_pv": 6367068.0, "purchase_pv": 20007.0, "ctr": 0.0031422626552755524, "cvr": 0.020792685885551082, "dgmv": 2638077.7000000016, "aov": 131.85773479282258, "exposure_per_hour": 1045.7399254532977}, "全组": {"duration_h": 53233.830555555556, "exposure_pv": 76090092.0, "purchase_pv": 370080.0, "dgmv": 28973957.220000014, "exposure_per_hour": 1429.3559416242147, "ctr": 0.004863708142184925, "aov": 78.29106468871599, "cvr": 0.027060339071586042}}, "last_bimonth": {}, "yoy_bimonth": {}}