{"yesterday": {}, "last_7d": {"莱拉(付艺迪)": {"duration_h": 3350.538888888889, "exposure_pv": 2416167.0, "click_pv": 215004.0, "detail_uv": 82390.0, "purchase_pv": 13888.0, "dgmv": 922707.6299999998, "exposure_per_hour": 721.1278782683382, "card_ctr": 0.08898557094770353, "detail_rate": 0.3832021729828282, "purchase_cvr": 0.1685641461342396, "aov": 66.439201468894, "ctr": 0.005747947058295225, "cvr": 0.1685641461342396, "_prev": {"duration_h": 3901.2302777777777, "exposure_pv": 3046354.0, "click_pv": 262423.0, "detail_uv": 90663.0, "purchase_pv": 16085.0, "dgmv": 1038488.97, "exposure_per_hour": 780.8700802289649, "card_ctr": 0.08614330442227003, "detail_rate": 0.34548419917461504, "purchase_cvr": 0.17741526311725841, "aov": 64.56257196145476}}, "大门(朱锦程)": {"duration_h": 3269.9955555555557, "exposure_pv": 4686645.0, "click_pv": 461615.0, "detail_uv": 156915.0, "purchase_pv": 34704.0, "dgmv": 1061151.2700000023, "exposure_per_hour": 1433.2267186227912, "card_ctr": 0.09849583230647938, "detail_rate": 0.3399261289169546, "purchase_cvr": 0.22116432463435617, "aov": 30.577203492392876, "ctr": 0.00740487064840627, "cvr": 0.22116432463435617, "_prev": {"duration_h": 4325.383888888889, "exposure_pv": 5412876.0, "click_pv": 510169.0, "detail_uv": 175707.0, "purchase_pv": 37819.0, "dgmv": 1249184.800000001, "exposure_per_hour": 1251.4209464516382, "card_ctr": 0.09425100445678046, "detail_rate": 0.34440940159045336, "purchase_cvr": 0.2152390058449578, "aov": 33.03061424151884}}, "路歌(李红红)": {"duration_h": 2889.583888888889, "exposure_pv": 5423323.0, "click_pv": 445992.0, "detail_uv": 147733.0, "purchase_pv": 28080.0, "dgmv": 1125753.5899999992, "exposure_per_hour": 1876.8525879639342, "card_ctr": 0.08223592804632879, "detail_rate": 0.3312458519435326, "purchase_cvr": 0.19007263103030467, "aov": 40.09093981481478, "ctr": 0.005177637400538378, "cvr": 0.19007263103030467, "_prev": {"duration_h": 3610.5805555555557, "exposure_pv": 6223079.0, "click_pv": 542744.0, "detail_uv": 183103.0, "purchase_pv": 35766.0, "dgmv": 1199320.439999999, "exposure_per_hour": 1723.5674164434927, "card_ctr": 0.08721470513229866, "detail_rate": 0.3373653140338723, "purchase_cvr": 0.19533268160543518, "aov": 33.53241737963426}}, "蕾塞(张嘉悦)": {"duration_h": 2834.0963888888887, "exposure_pv": 2392150.0, "click_pv": 230667.0, "detail_uv": 91903.0, "purchase_pv": 8951.0, "dgmv": 942884.1200000012, "exposure_per_hour": 844.0609181037225, "card_ctr": 0.09642664548627804, "detail_rate": 0.3984228346490829, "purchase_cvr": 0.09739616769855174, "aov": 105.33841135068721, "ctr": 0.003741822210145685, "cvr": 0.09739616769855174, "_prev": {"duration_h": 3532.8816666666667, "exposure_pv": 4220610.0, "click_pv": 330566.0, "detail_uv": 130686.0, "purchase_pv": 11251.0, "dgmv": 1772878.3000000017, "exposure_per_hour": 1194.6649784005408, "card_ctr": 0.07832185395002145, "detail_rate": 0.3953401136233006, "purchase_cvr": 0.08609185375633197, "aov": 157.57517553995214}}, "秋罗(胡春秋)": {"duration_h": 2252.1605555555557, "exposure_pv": 4544701.0, "click_pv": 239186.0, "detail_uv": 71426.0, "purchase_pv": 13960.0, "dgmv": 2296745.86, "exposure_per_hour": 2017.929400632331, "card_ctr": 0.05262964494253857, "detail_rate": 0.29862115675666634, "purchase_cvr": 0.19544703609329936, "aov": 164.5233424068768, "ctr": 0.0030717092279558106, "cvr": 0.19544703609329936, "_prev": {"duration_h": 2855.7319444444443, "exposure_pv": 7735346.0, "click_pv": 422068.0, "detail_uv": 98648.0, "purchase_pv": 24867.0, "dgmv": 7274238.570000001, "exposure_per_hour": 2708.7087130318314, "card_ctr": 0.054563557984348726, "detail_rate": 0.23372537126718917, "purchase_cvr": 0.25207809585597274, "aov": 292.5257799493305}}, "诺亚(单恩浩)": {"duration_h": 2099.387222222222, "exposure_pv": 3453908.0, "click_pv": 395620.0, "detail_uv": 104975.0, "purchase_pv": 21756.0, "dgmv": 1167700.8500000013, "exposure_per_hour": 1645.1981623209101, "card_ctr": 0.11454271509258498, "detail_rate": 0.26534300591476667, "purchase_cvr": 0.20724934508216242, "aov": 53.67258917080351, "ctr": 0.006298951796052472, "cvr": 0.20724934508216242, "_prev": {"duration_h": 2495.018611111111, "exposure_pv": 4692649.0, "click_pv": 528495.0, "detail_uv": 130036.0, "purchase_pv": 27919.0, "dgmv": 1673362.9900000007, "exposure_per_hour": 1880.807212860915, "card_ctr": 0.11262189010940303, "detail_rate": 0.24604963150077105, "purchase_cvr": 0.2147020825002307, "aov": 59.936351230344954}}, "全组": {"duration_h": 16695.7625, "exposure_pv": 22916894.0, "click_pv": 1988084.0, "detail_uv": 655342.0, "purchase_pv": 121339.0, "dgmv": 7516943.320000004, "exposure_per_hour": 1372.6173931858457, "card_ctr": 0.08675189578483018, "detail_rate": 0.32963496512219803, "purchase_cvr": 0.18515370600388806, "aov": 61.9499362941841, "ctr": 0.005294740203449909, "cvr": 0.18515370600388806, "_prev": {"duration_h": 20720.826944444445, "exposure_pv": 31330914.0, "click_pv": 2596465.0, "detail_uv": 808843.0, "purchase_pv": 153707.0, "dgmv": 14207474.070000002, "exposure_per_hour": 1512.04940246848, "card_ctr": 0.0828723030550593, "detail_rate": 0.311517004850826, "purchase_cvr": 0.1900331708378511, "aov": 92.43218636756949}}}, "last_14d": {"大门(朱锦程)": {"duration_h": 7595.379444444445, "exposure_pv": 10099521.0, "click_pv": 971784.0, "detail_uv": 332622.0, "purchase_pv": 72523.0, "dgmv": 2310336.070000003, "exposure_per_hour": 1329.6927525309063, "card_ctr": 0.09622080096669931, "detail_rate": 0.3422797658738979, "purchase_cvr": 0.21803428516454113, "aov": 31.85659818264555, "ctr": 0.007180835605965867, "cvr": 0.21803428516454113}, "莱拉(付艺迪)": {"duration_h": 7251.769166666667, "exposure_pv": 5462521.0, "click_pv": 477427.0, "detail_uv": 173053.0, "purchase_pv": 29973.0, "dgmv": 1961196.6000000003, "exposure_per_hour": 753.2673578619838, "card_ctr": 0.08740048779675172, "detail_rate": 0.3624700739589508, "purchase_cvr": 0.17320127359826182, "aov": 65.43210889800822, "ctr": 0.005487026960628618, "cvr": 0.17320127359826182}, "路歌(李红红)": {"duration_h": 6500.164444444445, "exposure_pv": 11646402.0, "click_pv": 988736.0, "detail_uv": 330836.0, "purchase_pv": 63846.0, "dgmv": 2325074.0299999984, "exposure_per_hour": 1791.7088251442526, "card_ctr": 0.0848962623821503, "detail_rate": 0.33460499061427923, "purchase_cvr": 0.1929838348910034, "aov": 36.416909908216624, "ctr": 0.005482036426357256, "cvr": 0.1929838348910034}, "蕾塞(张嘉悦)": {"duration_h": 6366.978055555555, "exposure_pv": 6612760.0, "click_pv": 561233.0, "detail_uv": 222589.0, "purchase_pv": 20202.0, "dgmv": 2715762.4200000027, "exposure_per_hour": 1038.6026058673135, "card_ctr": 0.08487121867419958, "detail_rate": 0.39660711326668247, "purchase_cvr": 0.09075920193720265, "aov": 134.43037422037435, "ctr": 0.003055002752254732, "cvr": 0.09075920193720265}, "秋罗(胡春秋)": {"duration_h": 5107.8925, "exposure_pv": 12280047.0, "click_pv": 661254.0, "detail_uv": 170074.0, "purchase_pv": 38827.0, "dgmv": 9570984.429999998, "exposure_per_hour": 2404.1318410675244, "card_ctr": 0.053847839507454656, "detail_rate": 0.25719920030729493, "purchase_cvr": 0.22829474228865082, "aov": 246.5033206273984, "ctr": 0.0031617957162541803, "cvr": 0.22829474228865082}, "诺亚(单恩浩)": {"duration_h": 4594.405833333333, "exposure_pv": 8146557.0, "click_pv": 924115.0, "detail_uv": 235011.0, "purchase_pv": 49675.0, "dgmv": 2841063.8400000017, "exposure_per_hour": 1773.1470173781993, "card_ctr": 0.11343626516085262, "detail_rate": 0.2543092580468881, "purchase_cvr": 0.2113730846641221, "aov": 57.19303150478111, "ctr": 0.0060976680087060095, "cvr": 0.2113730846641221}, "全组": {"duration_h": 37416.58944444444, "exposure_pv": 54247808.0, "click_pv": 4584549.0, "detail_uv": 1464185.0, "purchase_pv": 275046.0, "dgmv": 21724417.390000008, "exposure_per_hour": 1449.833050137995, "card_ctr": 0.0845112303892537, "detail_rate": 0.31937383589967083, "purchase_cvr": 0.18784921304343372, "aov": 78.98466943711237, "ctr": 0.005070177213427684, "cvr": 0.18784921304343372}},