{"yesterday": {"大门(朱锦程)": {"duration_h": 657.2897222222222, "exposure_pv": 708085.0, "purchase_pv": 5091.0, "ctr": 0.007189814782123615, "cvr": 0.025473809357297712, "dgmv": 170943.68999999992, "aov": 33.57762522097818, "exposure_per_hour": 1077.2798905268817}, "路歌(李红红)": {"duration_h": 648.6322222222223, "exposure_pv": 1353666.0, "purchase_pv": 6043.0, "ctr": 0.004464173584916811, "cvr": 0.027927757680470816, "dgmv": 262935.2900000001, "aov": 43.51072149594574, "exposure_per_hour": 2086.9546001928843}, "秋罗(胡春秋)": {"duration_h": 641.8297222222222, "exposure_pv": 1026346.0, "purchase_pv": 2928.0, "ctr": 0.0028528391010438975, "cvr": 0.020948624169427263, "dgmv": 412560.63000000006, "aov": 140.90185450819675, "exposure_per_hour": 1599.0939099025486}, "莱拉(付艺迪)": {"duration_h": 578.4316666666666, "exposure_pv": 370662.0, "purchase_pv": 1734.0, "ctr": 0.004678116451106399, "cvr": 0.017628351938856972, "dgmv": 101436.52, "aov": 58.49856978085352, "exposure_per_hour": 640.8051656922887}, "蕾塞(张嘉悦)": {"duration_h": 396.1636111111111, "exposure_pv": 575395.0, "purchase_pv": 1466.0, "ctr": 0.0025478149792751066, "cvr": 0.018505657910862373, "dgmv": 168631.02000000043, "aov": 115.02798090040957, "exposure_per_hour": 1452.417596826227}, "诺亚(单恩浩)": {"duration_h": 393.4736111111111, "exposure_pv": 497603.0, "purchase_pv": 3516.0, "ctr": 0.007065873798992369, "cvr": 0.0394791908858405, "dgmv": 204013.52000000048, "aov": 58.02432309442562, "exposure_per_hour": 1264.641353189717}, "全组": {"duration_h": 3315.8205555555555, "exposure_pv": 4531757.0, "purchase_pv": 20778.0, "dgmv": 1320520.670000001, "exposure_per_hour": 1366.707553702561, "ctr": 0.0045849766437167745, "aov": 63.553791028973, "cvr": 0.02519336363163283}}, "last_7d": {"大门(朱锦程)": {"duration_h": 5057.133888888889, "exposure_pv": 5587095.0, "purchase_pv": 43692.0, "ctr": 0.007820164146126027, "cvr": 0.026081865176786893, "dgmv": 1443300.9700000004, "aov": 33.03352947908085, "exposure_per_hour": 1104.794755835019}, "秋罗(胡春秋)": {"duration_h": 4782.8469444444445, "exposure_pv": 8051697.0, "purchase_pv": 29169.0, "ctr": 0.0036227145656375294, "cvr": 0.025684258409993842, "dgmv": 4248413.739999998, "aov": 145.64824779731902, "exposure_per_hour": 1683.4527831488556}, "路歌(李红红)": {"duration_h": 4698.055, "exposure_pv": 9539186.0, "purchase_pv": 41328.0, "ctr": 0.004332445137352391, "cvr": 0.026268907372314954, "dgmv": 2144214.26, "aov": 51.88284601238869, "exposure_per_hour": 2030.454305026229}, "莱拉(付艺迪)": {"duration_h": 4194.651111111111, "exposure_pv": 2749116.0, "purchase_pv": 13832.0, "ctr": 0.005031435559648993, "cvr": 0.018487828112460282, "dgmv": 807152.3299999996, "aov": 58.353985685367235, "exposure_per_hour": 655.3860922349256}, "诺亚(单恩浩)": {"duration_h": 2922.639722222222, "exposure_pv": 4831721.0, "purchase_pv": 35060.0, "ctr": 0.0072562136762449655, "cvr": 0.04051187245656311, "dgmv": 2170002.2000000025, "aov": 61.89395892755284, "exposure_per_hour": 1653.2044518734633}, "蕾塞(张嘉悦)": {"duration_h": 2887.528333333333, "exposure_pv": 3478489.0, "purchase_pv": 10929.0, "ctr": 0.0031418814318515884, "cvr": 0.02226582024842067, "dgmv": 1521542.2700000007, "aov": 139.22063043279354, "exposure_per_hour": 1204.6596945369079}, "全组": {"duration_h": 24542.855, "exposure_pv": 34237304.0, "purchase_pv": 174010.0, "dgmv": 12334625.770000003, "exposure_per_hour": 1395.0008668510652, "ctr": 0.005082467941985152, "aov": 70.88458002413657, "cvr": 0.0270794212688352}}, "last_14d": {"大门(朱锦程)": {"duration_h": 9380.971111111112, "exposure_pv": 10643274.0, "purchase_pv": 82249.0, "ctr": 0.0077277912792623775, "cvr": 0.02582733578960162, "dgmv": 2672634.6100000013, "aov": 32.49443288064294, "exposure_per_hour": 1134.559937765268}, "秋罗(胡春秋)": {"duration_h": 9311.345, "exposure_pv": 16271599.0, "purchase_pv": 58932.0, "ctr": 0.0036217706692501456, "cvr": 0.02769698849695398, "dgmv": 9936523.999999998, "aov": 168.60999117627094, "exposure_per_hour": 1747.5025358849878}, "路歌(李红红)": {"duration_h": 9079.965, "exposure_pv": 19832709.0, "purchase_pv": 84299.0, "ctr": 0.004250503549464674, "cvr": 0.02625936493634346, "dgmv": 4874378.410000001, "aov": 57.822493861137154, "exposure_per_hour": 2184.227472242459}, "莱拉(付艺迪)": {"duration_h": 7751.795, "exposure_pv": 5076924.0, "purchase_pv": 27467.0, "ctr": 0.005410165683000179, "cvr": 0.021418768925946404, "dgmv": 1559776.9199999992, "aov": 56.78730549386534, "exposure_per_hour": 654.935276281171}, "诺亚(单恩浩)": {"duration_h": 5325.668055555556, "exposure_pv": 9397260.0, "purchase_pv": 55413.0, "ctr": 0.005896718830808129, "cvr": 0.036139063574357456, "dgmv": 3375058.8600000045, "aov": 60.90734773428626, "exposure_per_hour": 1764.5222912827055}, "蕾塞(张嘉悦)": {"duration_h": 5230.595555555556, "exposure_pv": 5535178.0, "purchase_pv": 17210.0, "ctr": 0.003109204437508604, "cvr": 0.02103145719465876, "dgmv": 2328658.3400000012, "aov": 135.308445090064, "exposure_per_hour": 1058.2309301511448}, "全组": {"duration_h": 46080.33972222223, "exposure_pv": 66756944.0, "purchase_pv": 325570.0, "dgmv": 24747031.14, "exposure_per_hour": 1448.7077222611379, "ctr": 0.004876945835028039, "aov": 76.01139890039009, "cvr": 0.027130039728649986}}, "last_30d": {"大门(朱锦程)": {"duration_h": 21579.682777777776, "exposure_pv": 24199044.0, "purchase_pv": 175648.0, "ctr": 0.007258468557683518, "cvr": 0.023449439695438216, "dgmv": 6198260.740000005, "aov": 35.287966501184215, "exposure_per_hour": 1121.3808955949796}, "秋罗(胡春秋)": {"duration_h": 20497.3175, "exposure_pv": 35974634.0, "purchase_pv": 118843.0, "ctr": 0.0033035221428520996, "cvr": 0.02784469493125496, "dgmv": 26936439.699999984, "aov": 226.65566924429697, "exposure_per_hour": 1755.0898550505449}, "路歌(李红红)": {"duration_h": 19968.278333333332, "exposure_pv": 42983598.0, "purchase_pv": 192492.0, "ctr": 0.004478266337778424, "cvr": 0.02576130153402893, "dgmv": 11230350.66, "aov": 58.3419085468487, "exposure_per_hour": 2152.594093615315}, "莱拉(付艺迪)": {"duration_h": 17251.626666666667, "exposure_pv": 10547774.0, "purchase_pv": 58114.0, "ctr": 0.005509598518132831, "cvr": 0.022675033119867617, "dgmv": 3341125.59, "aov": 57.49261090270846, "exposure_per_hour": 611.4075039880297}, "蕾塞(张嘉悦)": {"duration_h": 11508.910555555556, "exposure_pv": 13837331.0, "purchase_pv": 45934.0, "ctr": 0.003319570804514252, "cvr": 0.022004934575698413, "dgmv": 5590643.569999999, "aov": 121.71035768711629, "exposure_per_hour": 1202.3145834008133}, "诺亚(单恩浩)": {"duration_h": 11329.1075, "exposure_pv": 21076535.0, "purchase_pv": 120037.0, "ctr": 0.005695290995412671, "cvr": 0.03853601913450647, "dgmv": 6918683.8300000075, "aov": 57.637926889209226, "exposure_per_hour": 1860.3879431808728}, "全组": {"duration_h": 102134.92333333332, "exposure_pv": 148618916.0, "purchase_pv": 711068.0, "dgmv": 60215504.09, "exposure_per_hour": 1455.1233911926372, "ctr": 0.004784505358658382, "aov": 84.68318654474677, "cvr": 0.02713205501547023}}, "this_month": {"大门(朱锦程)": {"duration_h": 9380.971111111112, "exposure_pv": 10643274.0, "purchase_pv": 82249.0, "ctr": 0.0077277912792623775, "cvr": 0.02582733578960162, "dgmv": 2672634.6100000013, "aov": 32.49443288064294, "exposure_per_hour": 1134.559937765268}, "秋罗(胡春秋)": {"duration_h": 9311.345, "exposure_pv": 16271599.0, "purchase_pv": 58932.0, "ctr": 0.0036217706692501456, "cvr": 0.02769698849695398, "dgmv": 9936523.999999998, "aov": 168.60999117627094, "exposure_per_hour": 1747.5025358849878}, "路歌(李红红)": {"duration_h": 9079.965, "exposure_pv": 19832709.0, "purchase_pv": 84299.0, "ctr": 0.004250503549464674, "cvr": 0.02625936493634346, "dgmv": 4874378.410000001, "aov": 57.822493861137154, "exposure_per_hour": 2184.227472242459}, "莱拉(付艺迪)": {"duration_h": 7751.795, "exposure_pv": 5076924.0, "purchase_pv": 27467.0, "ctr": 0.005410165683000179, "cvr": 0.021418768925946404, "dgmv": 1559776.9199999992, "aov": 56.78730549386534, "exposure_per_hour": 654.935276281171}, "诺亚(单恩浩)": {"duration_h": 5325.668055555556, "exposure_pv": 9397260.0, "purchase_pv": 55413.0,