{"yesterday": {"秋罗(胡春秋)": {"duration_h": 603.8472222222222, "exposure_pv": 1103155.0, "purchase_pv": 3586.0, "ctr": 0.003250676468855238, "cvr": 0.021698640342708138, "dgmv": 529567.34, "aov": 147.67633575013943, "exposure_per_hour": 1826.8776594521244, "live_seller_count": 69}, "路歌(李红红)": {"duration_h": 574.4875, "exposure_pv": 1327700.0, "purchase_pv": 5899.0, "ctr": 0.004443021766965429, "cvr": 0.029316190020678888, "dgmv": 373193.6899999998, "aov": 63.263890489913514, "exposure_per_hour": 2311.1033747470574, "live_seller_count": 56}, "大门(朱锦程)": {"duration_h": 475.61555555555555, "exposure_pv": 688101.0, "purchase_pv": 4575.0, "ctr": 0.006648733252821897, "cvr": 0.025361792247160682, "dgmv": 167995.1799999999, "aov": 36.72025792349725, "exposure_per_hour": 1446.7588201488597, "live_seller_count": 48}, "莱拉(付艺迪)": {"duration_h": 441.5491666666667, "exposure_pv": 244371.0, "purchase_pv": 1085.0, "ctr": 0.00443997037291659, "cvr": 0.008598507394350075, "dgmv": 81279.71000000002, "aov": 74.91217511520739, "exposure_per_hour": 553.4400661308008, "live_seller_count": 39}, "蕾塞(张嘉悦)": {"duration_h": 395.87444444444446, "exposure_pv": 800756.0, "purchase_pv": 2549.0, "ctr": 0.003183241836464541, "cvr": 0.021777379024270883, "dgmv": 385762.90999999986, "aov": 151.3389211455472, "exposure_per_hour": 2022.7524439566978, "live_seller_count": 44}, "诺亚(单恩浩)": {"duration_h": 378.535, "exposure_pv": 429695.0, "purchase_pv": 2195.0, "ctr": 0.00510827447375464, "cvr": 0.02579406269462321, "dgmv": 138820.38000000003, "aov": 63.2439088838269, "exposure_per_hour": 1135.1526278943822, "live_seller_count": 30}, "全组": {"duration_h": 2869.908888888889, "exposure_pv": 4593778.0, "purchase_pv": 19889.0, "dgmv": 1676619.2099999997, "exposure_per_hour": 1600.6703271261417, "ctr": 0.004329551841643196, "aov": 84.29881894514554, "cvr": 0.02414890667828723, "live_seller_count": 286}}, "last_7d": {"大门(朱锦程)": {"duration_h": 4956.243333333333, "exposure_pv": 5399523.0, "purchase_pv": 42121.0, "ctr": 0.0078008742624116984, "cvr": 0.026234250047014785, "dgmv": 1395403.4700000014, "aov": 33.128450654068075, "exposure_per_hour": 1089.4386406908998, "live_seller_count": 74}, "秋罗(胡春秋)": {"duration_h": 4740.091388888889, "exposure_pv": 7288611.0, "purchase_pv": 23562.0, "ctr": 0.0032327147106629784, "cvr": 0.024067831932284383, "dgmv": 3981551.5900000012, "aov": 168.98190263984387, "exposure_per_hour": 1537.6519990912036, "live_seller_count": 98}, "路歌(李红红)": {"duration_h": 4646.492222222222, "exposure_pv": 9996118.0, "purchase_pv": 43691.0, "ctr": 0.004370796743295748, "cvr": 0.02741420953023543, "dgmv": 2368667.7199999997, "aov": 54.2140880272825, "exposure_per_hour": 2151.325671480254, "live_seller_count": 84}, "莱拉(付艺迪)": {"duration_h": 4004.757777777778, "exposure_pv": 2477496.0, "purchase_pv": 11956.0, "ctr": 0.00482584028389955, "cvr": 0.015252335862052734, "dgmv": 719071.0399999999, "aov": 60.143111408497816, "exposure_per_hour": 618.6381642723849, "live_seller_count": 64}, "诺亚(单恩浩)": {"duration_h": 3002.737777777778, "exposure_pv": 4021181.0, "purchase_pv": 26423.0, "ctr": 0.006570955149743322, "cvr": 0.03745461051878204, "dgmv": 1585960.4700000028, "aov": 60.02196836089781, "exposure_per_hour": 1339.171548631175, "live_seller_count": 43}, "蕾塞(张嘉悦)": {"duration_h": 2916.7705555555553, "exposure_pv": 3825592.0, "purchase_pv": 11633.0, "ctr": 0.003040836555492588, "cvr": 0.0203387540874181, "dgmv": 1552202.0600000005, "aov": 133.43093441072816, "exposure_per_hour": 1311.5848254547886, "live_seller_count": 72}, "全组": {"duration_h": 24267.093055555553, "exposure_pv": 33008521.0, "purchase_pv": 159386.0, "dgmv": 11602856.350000005, "exposure_per_hour": 1360.217349660809, "ctr": 0.004828631976573564, "aov": 72.79721148657978, "cvr": 0.025972575948543016, "live_seller_count": 435}}, "last_14d": {"大门(朱锦程)": {"duration_h": 10033.641944444444, "exposure_pv": 11169658.0, "purchase_pv": 87410.0, "ctr": 0.007825664850257725, "cvr": 0.025968144798941464, "dgmv": 2860841.2500000014, "aov": 32.72899267818329, "exposure_per_hour": 1113.2207090750892, "live_seller_count": 80}, "秋罗(胡春秋)": {"duration_h": 9491.41861111111, "exposure_pv": 15994993.0, "purchase_pv": 56343.0, "ctr": 0.0035225398348095556, "cvr": 0.026514647156092558, "dgmv": 10314757.510000004, "aov": 183.07078980529974, "exposure_per_hour": 1685.2057269158367, "live_seller_count": 105}, "路歌(李红红)": {"duration_h": 9250.266944444444, "exposure_pv": 20162920.0, "purchase_pv": 87838.0, "ctr": 0.004356412662451669, "cvr": 0.027369049148265247, "dgmv": 4835259.280000003, "aov": 55.047465561602074, "exposure_per_hour": 2179.7122311275043, "live_seller_count": 93}, "莱拉(付艺迪)": {"duration_h": 7952.033888888889, "exposure_pv": 5340216.0, "purchase_pv": 27174.0, "ctr": 0.005088558215622739, "cvr": 0.019704489295186582, "dgmv": 1593892.949999999, "aov": 58.6550728637668, "exposure_per_hour": 671.5534760813463, "live_seller_count": 68}, "诺亚(单恩浩)": {"duration_h": 5847.4302777777775, "exposure_pv": 9123410.0, "purchase_pv": 56959.0, "ctr": 0.006243170042780057, "cvr": 0.03703122374586348, "dgmv": 3440406.3100000042, "aov": 60.401452097122565, "exposure_per_hour": 1560.2426307966525, "live_seller_count": 45}, "蕾塞(张嘉悦)": {"duration_h": 5646.950277777778, "exposure_pv": 6386312.0, "purchase_pv": 20422.0, "ctr": 0.0031977767450133976, "cvr": 0.021313628899835797, "dgmv": 2680528.540000001, "aov": 131.25690627754386, "exposure_per_hour": 1130.9311550221726, "live_seller_count": 73}, "全组": {"duration_h": 48221.74194444444, "exposure_pv": 68177509.0, "purchase_pv": 336146.0, "dgmv": 25725685.84000001, "exposure_per_hour": 1413.833392384421, "ctr": 0.004930452944533365, "aov": 76.53128652430792, "cvr": 0.02706449117198116, "live_seller_count": 464}}, "last_30d": {"大门(朱锦程)": {"duration_h": 21264.86527777778, "exposure_pv": 23866234.0, "purchase_pv": 174081.0, "ctr": 0.007294028877786081, "cvr": 0.023973767360993815, "dgmv": 5986037.820000005, "aov": 34.386508694228574, "exposure_per_hour": 1122.331775360021, "live_seller_count": 89}, "秋罗(胡春秋)": {"duration_h": 20452.080555555556, "exposure_pv": 36039706.0, "purchase_pv": 118237.0, "ctr": 0.003280742634249014, "cvr": 0.02765298302550053, "dgmv": 27092991.859999992, "aov": 229.14140125341467, "exposure_per_hour": 1762.1535326003914, "live_seller_count": 118}, "路歌(李红红)": {"duration_h": 19807.125, "exposure_pv": 43163098.0, "purchase_pv": 193094.0, "ctr": 0.004473589917016615, "cvr": 0.026182501781304712, "dgmv": 11515621.870000001, "aov": 59.63738837043099, "exposure_per_hour": 2179.1702733233624, "live_seller_count": 100}, "莱拉(付艺迪)": {"duration_h": 17038.32972222222, "exposure_pv": 10450502.0, "purchase_pv": 56608.0, "ctr": 0.005416773280364905, "cvr": 0.021451990501881617, "dgmv": 3296015.2800000007, "aov": 58.225255794234045, "exposure_per_hour": 613.3524923144283, "live_seller_count": 78}, "蕾塞(张嘉悦)": {"duration_h": 11622.448611111111, "exposure_pv": 14236711.0, "purchase_pv": 47040.0, "ctr": 0.0033041339393628205, "cvr": 0.021775133504483162, "dgmv": 5740610.869999999, "aov": 122.0367957057823, "exposure_per_hour": 1224.9321529707297, "live_seller_count": 76}, "诺亚(单恩浩)": {"duration_h": 11466.706944444444, "exposure_pv": 20245952.0, "purchase_pv": 115801.0, "ctr": 0.005719711278580528, "cvr": 0.03746767279555036, "dgmv": 6732883.030000007, "aov": 58.141838412449005, "exposure_per_hour": 1765.6291468937427, "live_seller_count": 51}, "全组": {"duration_h": 101651.5561111111, "exposure_pv": 148002203.0, "purchase_pv": 704861.0, "dgmv": 60364160.730000004, "exposure_per_hour": 1455.9757731423701, "ctr": 0.00476250343381713, "aov": 85.6398080330732, "cvr": 0.02697017873130414, "live_seller_count": 512}}, "this_month": {"大门(朱锦程)": {"duration_h": 11554.223055555556, "exposure_pv": 12906908.0, "purchase_pv": 100231.0, "ctr": 0.0077656864060703, "cvr": 0.025809352602316066, "dgmv": 3270078.4800000023, "aov": 32.62542007961611, "exposure_per_hour": 1117.0727739927124, "live_seller_count": 80},