{"new_30d": {"count": {"大门(朱锦程)": 10, "路歌(李红红)": 8, "蕾塞(张嘉悦)": 7, "诺亚(单恩浩)": 5, "莱拉(付艺迪)": 4, "全组": 34}, "dgmv": null}, "new2026_active": {"count": {"大门(朱锦程)": 60, "秋罗(胡春秋)": 50, "路歌(李红红)": 44, "莱拉(付艺迪)": 37, "蕾塞(张嘉悦)": 35, "诺亚(单恩浩)": 24, "全组": 250}, "dgmv": {"大门(朱锦程)": 1366280.45, "秋罗(胡春秋)": 4929143.810000003, "路歌(李红红)": 1132133.2899999996, "莱拉(付艺迪)": 543814.8399999997, "蕾塞(张嘉悦)": 1050977.030000001, "诺亚(单恩浩)": 276669.70999999996, "全组": 9299019.130000003}}}