{"new_30d": {"count": {"大门(朱锦程)": 11, "蕾塞(张嘉悦)": 8, "诺亚(单恩浩)": 7, "莱拉(付艺迪)": 6, "路歌(李红红)": 6, "全组": 38}, "dgmv": null}, "new2026_active": {"count": {"大门(朱锦程)": 57, "秋罗(胡春秋)": 46, "路歌(李红红)": 39, "莱拉(付艺迪)": 31, "蕾塞(张嘉悦)": 29, "诺亚(单恩浩)": 22, "全组": 224}, "dgmv": {"大门(朱锦程)": 1028738.9600000004, "秋罗(胡春秋)": 3717365.7100000028, "路歌(李红红)": 945390.9299999999, "莱拉(付艺迪)": 413816.52, "蕾塞(张嘉悦)": 946259.450000001, "诺亚(单恩浩)": 244618.86000000004, "全组": 7296190.430000004}}}