{"new_30d": {"count": {"大门(朱锦程)": 11, "诺亚(单恩浩)": 9, "蕾塞(张嘉悦)": 9, "路歌(李红红)": 7, "莱拉(付艺迪)": 4, "秋罗(胡春秋)": 1, "全组": 41}, "dgmv": null}, "new2026_active": {"count": {"大门(朱锦程)": 55, "秋罗(胡春秋)": 45, "路歌(李红红)": 38, "莱拉(付艺迪)": 30, "蕾塞(张嘉悦)": 28, "诺亚(单恩浩)": 22, "全组": 218}, "dgmv": {"大门(朱锦程)": 727801.2799999992, "秋罗(胡春秋)": 2609366.1599999997, "路歌(李红红)": 904914.7699999999, "莱拉(付艺迪)": 360988.3700000001, "蕾塞(张嘉悦)": 544066.3800000008, "诺亚(单恩浩)": 231927.01000000004, "全组": 5379063.97}}}