{"new_30d": {"count": {"大门(朱锦程)": 12, "路歌(李红红)": 11, "蕾塞(张嘉悦)": 7, "诺亚(单恩浩)": 5, "莱莉(孙雨萱)": 3, "莱拉(付艺迪)": 2, "秋罗(胡春秋)": 2, "全组": 42}, "dgmv": null}, "new2026_active": {"count": {"大门(朱锦程)": 50, "莱莉(孙雨萱)": 46, "路歌(李红红)": 29, "蕾塞(张嘉悦)": 29, "莱拉(付艺迪)": 26, "诺亚(单恩浩)": 22, "秋罗(胡春秋)": 13, "全组": 215}, "dgmv": {"大门(朱锦程)": 347989.6199999995, "莱莉(孙雨萱)": 502281.31000000006, "路歌(李红红)": 164107.93000000005, "蕾塞(张嘉悦)": 292254.1, "莱拉(付艺迪)": 129421.18000000001, "诺亚(单恩浩)": 135913.00999999925, "秋罗(胡春秋)": 574353.9199999998, "全组": 2146321.0699999984}}}