{"new_30d": {"count": {"诺亚(单恩浩)": 9, "大门(朱锦程)": 9, "蕾塞(张嘉悦)": 9, "路歌(李红红)": 7, "莱拉(付艺迪)": 4, "秋罗(胡春秋)": 1, "全组": 39}, "dgmv": null}, "new2026_active": {"count": {"大门(朱锦程)": 51, "秋罗(胡春秋)": 43, "路歌(李红红)": 38, "莱拉(付艺迪)": 27, "蕾塞(张嘉悦)": 27, "诺亚(单恩浩)": 21, "全组": 207}, "dgmv": {"大门(朱锦程)": 603979.4799999995, "秋罗(胡春秋)": 2344763.01, "路歌(李红红)": 843979.3899999997, "莱拉(付艺迪)": 330933.83, "蕾塞(张嘉悦)": 434203.2100000008, "诺亚(单恩浩)": 217795.00000000003, "全组": 4775653.92}}}