{"new_30d": {"count": {"大门(朱锦程)": 12, "路歌(李红红)": 8, "蕾塞(张嘉悦)": 7, "诺亚(单恩浩)": 5, "莱拉(付艺迪)": 4, "秋罗(胡春秋)": 1, "全组": 37}, "dgmv": null}, "new2026_active": {"count": {"大门(朱锦程)": 35, "莱莉(孙雨萱)": 26, "莱拉(付艺迪)": 22, "路歌(李红红)": 19, "蕾塞(张嘉悦)": 18, "诺亚(单恩浩)": 13, "秋罗(胡春秋)": 11, "全组": 144}, "dgmv": {"大门(朱锦程)": 86181.2099999997, "莱莉(孙雨萱)": 71911.09, "莱拉(付艺迪)": 12803.529999999999, "路歌(李红红)": 26305.110000000008, "蕾塞(张嘉悦)": 62462.280000000006, "诺亚(单恩浩)": 22286.349999999955, "秋罗(胡春秋)": 95585.55000000002, "全组": 377535.11999999965}}}