{"new_30d": {"count": {"大门(朱锦程)": 11, "路歌(李红红)": 8, "蕾塞(张嘉悦)": 7, "诺亚(单恩浩)": 5, "莱拉(付艺迪)": 4, "全组": 35}, "dgmv": null}, "new2026_active": {"count": {"大门(朱锦程)": 60, "秋罗(胡春秋)": 49, "路歌(李红红)": 40, "莱拉(付艺迪)": 34, "蕾塞(张嘉悦)": 34, "诺亚(单恩浩)": 24, "全组": 241}, "dgmv": {"大门(朱锦程)": 1308140.6400000006, "秋罗(胡春秋)": 4695502.560000003, "路歌(李红红)": 1117387.5199999996, "莱拉(付艺迪)": 509585.4100000001, "蕾塞(张嘉悦)": 1046892.7900000007, "诺亚(单恩浩)": 273116.92000000004, "全组": 8950625.840000004}}}