{"new_30d": {"count": {"大门(朱锦程)": 13, "蕾塞(张嘉悦)": 9, "诺亚(单恩浩)": 8, "路歌(李红红)": 6, "莱拉(付艺迪)": 5, "秋罗(胡春秋)": 1, "全组": 42}, "dgmv": null}, "new2026_active": {"count": {"大门(朱锦程)": 56, "秋罗(胡春秋)": 46, "路歌(李红红)": 39, "莱拉(付艺迪)": 31, "蕾塞(张嘉悦)": 29, "诺亚(单恩浩)": 22, "全组": 223}, "dgmv": {"大门(朱锦程)": 986277.5000000003, "秋罗(胡春秋)": 2675340.269999999, "路歌(李红红)": 926268.4399999998, "莱拉(付艺迪)": 393766.30999999994, "蕾塞(张嘉悦)": 567961.1800000007, "诺亚(单恩浩)": 238417.42000000007, "全组": 5788031.119999999}}}