{"new_30d": {"count": {"大门(朱锦程)": 11, "路歌(李红红)": 9, "蕾塞(张嘉悦)": 7, "诺亚(单恩浩)": 5, "莱拉(付艺迪)": 4, "秋罗(胡春秋)": 1, "全组": 37}, "dgmv": null}, "new2026_active": {"count": {"大门(朱锦程)": 36, "莱莉(孙雨萱)": 29, "莱拉(付艺迪)": 25, "路歌(李红红)": 22, "蕾塞(张嘉悦)": 21, "诺亚(单恩浩)": 16, "秋罗(胡春秋)": 12, "全组": 161}, "dgmv": {"大门(朱锦程)": 129421.6899999996, "莱莉(孙雨萱)": 116630.56000000001, "莱拉(付艺迪)": 24991.409999999993, "路歌(李红红)": 40207.47000000002, "蕾塞(张嘉悦)": 91525.86999999998, "诺亚(单恩浩)": 34763.95999999992, "秋罗(胡春秋)": 188230.06, "全组": 625771.0199999996}}}