{"new_30d": {"count": {"大门(朱锦程)": 12, "蕾塞(张嘉悦)": 10, "诺亚(单恩浩)": 9, "路歌(李红红)": 7, "莱拉(付艺迪)": 4, "秋罗(胡春秋)": 1, "全组": 43}, "dgmv": null}, "new2026_active": {"count": {"大门(朱锦程)": 53, "秋罗(胡春秋)": 44, "路歌(李红红)": 38, "莱拉(付艺迪)": 28, "蕾塞(张嘉悦)": 27, "诺亚(单恩浩)": 22, "全组": 212}, "dgmv": {"大门(朱锦程)": 623993.4699999992, "秋罗(胡春秋)": 2386314.8799999994, "路歌(李红红)": 869222.1099999999, "莱拉(付艺迪)": 340408.39999999997, "蕾塞(张嘉悦)": 502552.72000000085, "诺亚(单恩浩)": 222485.22000000003, "全组": 4944976.799999999}}}