{"new_30d": {"count": {"大门(朱锦程)": 12, "诺亚(单恩浩)": 10, "蕾塞(张嘉悦)": 10, "路歌(李红红)": 7, "莱拉(付艺迪)": 4, "秋罗(胡春秋)": 1, "全组": 44}, "dgmv": null}, "new2026_active": {"count": {"大门(朱锦程)": 55, "秋罗(胡春秋)": 45, "路歌(李红红)": 38, "莱拉(付艺迪)": 29, "蕾塞(张嘉悦)": 28, "诺亚(单恩浩)": 22, "全组": 217}, "dgmv": {"大门(朱锦程)": 698854.9599999996, "秋罗(胡春秋)": 2540303.77, "路歌(李红红)": 887538.32, "莱拉(付艺迪)": 352981.74, "蕾塞(张嘉悦)": 525078.6600000007, "诺亚(单恩浩)": 226376.64000000007, "全组": 5231134.09}}}