{"yesterday": {"ctr": 0.10976823352880759, "cvr": 0.05001278907016673, "total_dgmv": 86810557.4}, "last_7d": {"ctr": 0.18268726320466835, "cvr": 0.0494464770085926, "total_dgmv": 616939612.76}, "last_14d": {"ctr": 0.23229635491399467, "cvr": 0.04997262904433146, "total_dgmv": 1248973731.25}, "last_30d": {"ctr": 0.2849517043225249, "cvr": 0.048460962155661313, "total_dgmv": 2564505021.51}, "this_month": {"ctr": 0.25436874904131385, "cvr": 0.048995061239212954, "total_dgmv": 1737540389.28}, "this_bimonth": {"ctr": 0.25436874904131385, "cvr": 0.048995061239212954, "total_dgmv": 1737540389.28}, "last_bimonth": {"ctr": 0.3463505639517094, "cvr": 0.04957849648118622, "total_dgmv": 5234728684.22}, "yoy_bimonth": {"ctr": 0.30870949414132703, "cvr": 0.043960373301853914, "total_dgmv": 4441177223.18}}