{"yesterday": {"莱拉(付艺迪)": {"ctr": 0.12324680858947992, "cvr": 0.09246955318565704, "_prev": {"ctr": 0.12350082235322381, "cvr": 0.09199969041046413}}, "诺亚(单恩浩)": {"ctr": 0.12657511231235619, "cvr": 0.09227681829238628, "_prev": {"ctr": 0.12551308134347003, "cvr": 0.09102819098888797}}, "路歌(李红红)": {"ctr": 0.08524395931280487, "cvr": 0.07795935234231188, "_prev": {"ctr": 0.09151245508103747, "cvr": 0.07889288671863845}}, "大门(朱锦程)": {"ctr": 0.09706871696299856, "cvr": 0.07531157640358292, "_prev": {"ctr": 0.0990049794629854, "cvr": 0.07475470667243381}}, "秋罗(胡春秋)": {"ctr": 0.1029349073618626, "cvr": 0.06727183992191313, "_prev": {"ctr": 0.10343078405843661, "cvr": 0.0692838055606552}}, "蕾塞(张嘉悦)": {"ctr": 0.07253035772891368, "cvr": 0.05337061849503529, "_prev": {"ctr": 0.07699188264496075, "cvr": 0.05767756226393662}}}, "last_7d": {"诺亚(单恩浩)": {"ctr": 0.13196159281301595, "cvr": 0.08842087852532746, "_prev": {"ctr": 0.12441500187977235, "cvr": 0.0831448668020999}}, "莱拉(付艺迪)": {"ctr": 0.1282958888355453, "cvr": 0.0883918040909757, "_prev": {"ctr": 0.131350667437341, "cvr": 0.0877469023465548}}, "路歌(李红红)": {"ctr": 0.10000475533786675, "cvr": 0.07827344190256091, "_prev": {"ctr": 0.09479677638894571, "cvr": 0.07626611653501975}}, "大门(朱锦程)": {"ctr": 0.10852370771373795, "cvr": 0.07529437242004848, "_prev": {"ctr": 0.10766700489651373, "cvr": 0.0735577950784883}}, "秋罗(胡春秋)": {"ctr": 0.10988669718796645, "cvr": 0.06536312181598748, "_prev": {"ctr": 0.1171658082702783, "cvr": 0.06931602436077619}}, "蕾塞(张嘉悦)": {"ctr": 0.08284707733351575, "cvr": 0.05541269393953627, "_prev": {"ctr": 0.08282032476346295, "cvr": 0.05576453632052158}}}, "last_14d": {"莱拉(付艺迪)": {"ctr": 0.13541835874097977, "cvr": 0.08803584563924698, "_prev": {"ctr": 0.1280166148007792, "cvr": 0.08157024150000354}}, "诺亚(单恩浩)": {"ctr": 0.1332959507126002, "cvr": 0.08563770396808175, "_prev": {"ctr": 0.12843340031968853, "cvr": 0.08268825853270906}}, "路歌(李红红)": {"ctr": 0.1035493150644264, "cvr": 0.07727828506260907, "_prev": {"ctr": 0.09633273090577853, "cvr": 0.07181833925629}}, "大门(朱锦程)": {"ctr": 0.11390358162978562, "cvr": 0.07442044652423821, "_prev": {"ctr": 0.10241029060302725, "cvr": 0.06704194702889678}}, "秋罗(胡春秋)": {"ctr": 0.12049552481268777, "cvr": 0.06741280699500166, "_prev": {"ctr": 0.11192355158438774, "cvr": 0.06325843993288889}}, "蕾塞(张嘉悦)": {"ctr": 0.0871500189094194, "cvr": 0.05559184300767479, "_prev": {"ctr": 0.08318690003913413, "cvr": 0.05457190537933259}}}, "last_30d": {"莱拉(付艺迪)": {"ctr": 0.14029449200064684, "cvr": 0.0854837075217483, "_prev": {"ctr": 0.14388062890499154, "cvr": 0.0894453118413304}}, "诺亚(单恩浩)": {"ctr": 0.13817526399529032, "cvr": 0.08422379653145255, "_prev": {"ctr": 0.14061830271705272, "cvr": 0.0851156834768232}}, "路歌(李红红)": {"ctr": 0.10772302185475537, "cvr": 0.07542684099941212, "_prev": {"ctr": 0.1009300912253119, "cvr": 0.08860832392432143}}, "大门(朱锦程)": {"ctr": 0.11591314847074773, "cvr": 0.07033651588836383, "_prev": {"ctr": 0.11985467140925385, "cvr": 0.0728035365312489}}, "秋罗(胡春秋)": {"ctr": 0.12505335575539545, "cvr": 0.06541618236064943, "_prev": {"ctr": 0.12852765923582718, "cvr": 0.066816675130099}}, "蕾塞(张嘉悦)": {"ctr": 0.09002765709658066, "cvr": 0.05486914021683994, "_prev": {"ctr": 0.09060634945909173, "cvr": 0.05582115182037259}}}, "this_month": {"莱拉(付艺迪)": {"ctr": 0.13729431078774126, "cvr": 0.08603605185487637, "_prev": {"ctr": 0.13899104733004852, "cvr": 0.0886907297296561}}, "诺亚(单恩浩)": {"ctr": 0.13517617019245684, "cvr": 0.08465075150806428, "_prev": {"ctr": 0.13810660124888494, "cvr": 0.0859159116088707}}, "路歌(李红红)": {"ctr": 0.10632235877234875, "cvr": 0.07615502674302638, "_prev": {"ctr": 0.0978403764356014, "cvr": 0.08967062826033978}}, "大门(朱锦程)": {"ctr": 0.114563402954692, "cvr": 0.07239616887406156, "_prev": {"ctr": 0.1150559597483334, "cvr": 0.07241568846401646}}, "秋罗(胡春秋)": {"ctr": 0.12189811788491557, "cvr": 0.06552325829534611, "_prev": {"ctr": 0.12443446371914789, "cvr": 0.06705911892244433}}, "蕾塞(张嘉悦)": {"ctr": 0.08846594356002761, "cvr": 0.05530710093132828, "_prev": {"ctr": 0.08697733558158184, "cvr": 0.054890064840727074}}}, "this_bimonth": {"莱拉(付艺迪)": {"ctr": 0.13729431078774126, "cvr": 0.08603605185487637, "_prev": {"ctr": 0.13315905027635572, "cvr": 0.08695757641202967}}, "诺亚(单恩浩)": {"ctr": 0.13517617019245684, "cvr": 0.08465075150806428, "_prev": {"ctr": 0.13346318429170734, "cvr": 0.08275065464605932}}, "路歌(李红红)": {"ctr": 0.10632235877234875, "cvr": 0.07615502674302638, "_prev": {"ctr": 0.10798804454634786, "cvr": 0.10508549653364653}}, "大门(朱锦程)": {"ctr": 0.114563402954692, "cvr": 0.07239616887406156, "_prev": {"ctr": 0.12077460639379883, "cvr": 0.07596115110616652}}, "秋罗(胡春秋)": {"ctr": 0.12189811788491557, "cvr": 0.06552325829534611, "_prev": {"ctr": 0.13786193366229013, "cvr": 0.07275449737071349}}, "蕾塞(张嘉悦)": {"ctr": 0.08846594356002761, "cvr": 0.05530710093132828, "_prev": {"ctr": 0.10150936203677578, "cvr": 0.06455884754322311}}}, "last_bimonth": {"路歌(李红红)": {"ctr": 0.11459431494085415, "cvr": 0.09340852798878761, "_prev": {"ctr": 0.12593630429041625, "cvr": 0.10658751102054065}}, "莱拉(付艺迪)": {"ctr": 0.14875302744543217, "cvr": 0.08775241816134023, "_prev": {"ctr": 0.15266494635661493, "cvr": 0.08055469013073892}}, "诺亚(单恩浩)": {"ctr": 0.14700309521465701, "cvr": 0.08393966724859239, "_prev": {"ctr": 0.15873506146138303, "cvr": 0.08303317460673802}}, "大门(朱锦程)": {"ctr": 0.13031338645795434, "cvr": 0.07289223386471269, "_prev": {"ctr": 0.13313860501990152, "cvr": 0.07066034814203805}}, "秋罗(胡春秋)": {"ctr": 0.14461326462419757, "cvr": 0.06910988337120413, "_prev": {"ctr": 0.146692853735866, "cvr": 0.06538431975199809}}, "蕾塞(张嘉悦)": {"ctr": 0.10242634439615482, "cvr": 0.059278613482329524, "_prev": {"ctr": 0.11828214665023702, "cvr": 0.05966941357480431}}}, "yoy_bimonth": {"路歌(李红红)": {"ctr": 0.12593630429041625, "cvr": 0.10658751102054065}, "诺亚(单恩浩)": {"ctr": 0.15873506146138303, "cvr": 0.08303317460673802}, "莱拉(付艺迪)": {"ctr": 0.15266494635661493, "cvr": 0.08055469013073892}, "大门(朱锦程)": {"ctr": 0.13313860501990152, "cvr": 0.07066034814203805}, "秋罗(胡春秋)": {"ctr": 0.146692853735866, "cvr": 0.06538431975199809}, "蕾塞(张嘉悦)": {"ctr": 0.11828214665023702, "cvr": 0.05966941357480431}}}