{"yesterday": {"ctr": 0.11203475820464492, "cvr": 0.05063481106858049, "total_dgmv": 87438858.36}, "last_7d": {"ctr": 0.17816232223867132, "cvr": 0.0491626701161429, "total_dgmv": 588131024.83}, "last_14d": {"ctr": 0.2242256385731513, "cvr": 0.04915556866234825, "total_dgmv": 1203024610.31}, "last_30d": {"ctr": 0.28793672619874766, "cvr": 0.049462617039704504, "total_dgmv": 2624093598.14}, "this_month": {"ctr": 0.12946316536526287, "cvr": 0.05042558381608103, "total_dgmv": 171775072.16}, "this_bimonth": {"ctr": 0.29327892957235135, "cvr": 0.049032375976701216, "total_dgmv": 2853754442.19}, "last_bimonth": {"ctr": 0.3463505639517094, "cvr": 0.04957849648118622, "total_dgmv": 5234728684.22}, "yoy_bimonth": {"ctr": 0.30870949414132703, "cvr": 0.043960373301853914, "total_dgmv": 4441177223.18}}