{"yesterday": {"cvr": 0.04862966671012725, "total_dgmv": 95133484.53000121}, "last_7d": {"cvr": 0.05017220738907771, "total_dgmv": 636397238.000012}, "last_14d": {"cvr": 0.04973273680014949, "total_dgmv": 1250231424.0801337}, "last_30d": {"cvr": 0.04831430215308728, "total_dgmv": 2576587151.8496594}, "this_month": {"cvr": 0.0488647518155992, "total_dgmv": 1479892268.1301055}, "this_bimonth": {"cvr": 0.0488647518155992, "total_dgmv": 1479892268.1301055}, "yoy_bimonth": {"cvr": 0.043960373301853914, "total_dgmv": 4441177223.178097}}