{"yesterday": {"莱拉(付艺迪)": {"ctr": 0.11744305194293371, "cvr": 0.08689194207203862, "_prev": {"ctr": 0.11306340718105425, "cvr": 0.08503863462681498}}, "诺亚(单恩浩)": {"ctr": 0.1204247860604186, "cvr": 0.08622617363777194, "_prev": {"ctr": 0.12014646276751972, "cvr": 0.08667332719181015}}, "秋罗(胡春秋)": {"ctr": 0.1054458771957892, "cvr": 0.06900023304591005, "_prev": {"ctr": 0.1074420383051201, "cvr": 0.07440297735966091}}, "大门(朱锦程)": {"ctr": 0.0868160027086716, "cvr": 0.06561419095296801, "_prev": {"ctr": 0.09190277964280918, "cvr": 0.0721853062850848}}, "路歌(李红红)": {"ctr": 0.07937209302325582, "cvr": 0.06510996056252123, "_prev": {"ctr": 0.08107611307327706, "cvr": 0.07031807602792862}}, "蕾塞(张嘉悦)": {"ctr": 0.0751818744266422, "cvr": 0.05569057132265107, "_prev": {"ctr": 0.06964334579950743, "cvr": 0.050787253167860355}}}, "last_7d": {"莱拉(付艺迪)": {"ctr": 0.12913594356105976, "cvr": 0.08925131720582404, "_prev": {"ctr": 0.12942001328195013, "cvr": 0.08772365107155898}}, "诺亚(单恩浩)": {"ctr": 0.13299062805986853, "cvr": 0.08872804923384844, "_prev": {"ctr": 0.124940405407627, "cvr": 0.08348901372868398}}, "路歌(李红红)": {"ctr": 0.09778748924720147, "cvr": 0.0755194433485724, "_prev": {"ctr": 0.09604700854700855, "cvr": 0.07604156783141318}}, "大门(朱锦程)": {"ctr": 0.10617185124349275, "cvr": 0.0741308934986958, "_prev": {"ctr": 0.10612496085014259, "cvr": 0.07295873342760266}}, "秋罗(胡春秋)": {"ctr": 0.1133980552930777, "cvr": 0.06744363775315246, "_prev": {"ctr": 0.11553494742273758, "cvr": 0.06878332451463226}}, "蕾塞(张嘉悦)": {"ctr": 0.0823620178452192, "cvr": 0.05505496200719114, "_prev": {"ctr": 0.08272681724087919, "cvr": 0.0556925625635636}}}, "last_14d": {"莱拉(付艺迪)": {"ctr": 0.13457911553373036, "cvr": 0.08843932937095765, "_prev": {"ctr": 0.12906828230327366, "cvr": 0.08186289866823923}}, "诺亚(单恩浩)": {"ctr": 0.1341031542139442, "cvr": 0.08603217311802483, "_prev": {"ctr": 0.12787047606257973, "cvr": 0.08240364453157967}}, "路歌(李红红)": {"ctr": 0.10299834835477618, "cvr": 0.07578166401695813, "_prev": {"ctr": 0.09717975566460003, "cvr": 0.07252735464492598}}, "大门(朱锦程)": {"ctr": 0.1118112733629075, "cvr": 0.07355483694608617, "_prev": {"ctr": 0.10549723253196991, "cvr": 0.0689759813613041}}, "秋罗(胡春秋)": {"ctr": 0.12153074054285387, "cvr": 0.06812995627724527, "_prev": {"ctr": 0.11281638282226072, "cvr": 0.06328921770821475}}, "蕾塞(张嘉悦)": {"ctr": 0.0869290948008605, "cvr": 0.055381260965833436, "_prev": {"ctr": 0.08347710086417, "cvr": 0.05482827903958058}}}, "last_30d": {"莱拉(付艺迪)": {"ctr": 0.139381940363322, "cvr": 0.08487469718625862, "_prev": {"ctr": 0.14402894174043368, "cvr": 0.08959442356818512}}, "诺亚(单恩浩)": {"ctr": 0.13808095962801906, "cvr": 0.08427805983467335, "_prev": {"ctr": 0.14090620101505036, "cvr": 0.08526298788567549}}, "路歌(李红红)": {"ctr": 0.10774067429864603, "cvr": 0.07418150369731974, "_prev": {"ctr": 0.10121304776240779, "cvr": 0.08821887213847013}}, "大门(朱锦程)": {"ctr": 0.1158106824632581, "cvr": 0.07060996084047676, "_prev": {"ctr": 0.1188698125257092, "cvr": 0.07212501504662137}}, "秋罗(胡春秋)": {"ctr": 0.12580897827693574, "cvr": 0.06570738158096112, "_prev": {"ctr": 0.12705502843733305, "cvr": 0.06626198217286014}}, "蕾塞(张嘉悦)": {"ctr": 0.09029217524701134, "cvr": 0.05498225366170842, "_prev": {"ctr": 0.08994803798602401, "cvr": 0.05535602577506748}}}, "this_month": {"莱拉(付艺迪)": {"ctr": 0.13791760057501817, "cvr": 0.08603203141910536, "_prev": {"ctr": 0.1405338806118536, "cvr": 0.0891328931164717}}, "诺亚(单恩浩)": {"ctr": 0.13640753393551927, "cvr": 0.08479038336741818, "_prev": {"ctr": 0.13911410279259148, "cvr": 0.08584159605770139}}, "路歌(李红红)": {"ctr": 0.10679337036879047, "cvr": 0.0754501906039236, "_prev": {"ctr": 0.09905586718445006, "cvr": 0.08902536956685815}}, "大门(朱锦程)": {"ctr": 0.11476470168816966, "cvr": 0.0720618828491995, "_prev": {"ctr": 0.1152207202933151, "cvr": 0.07172467167363769}}, "秋罗(胡春秋)": {"ctr": 0.12380726505647797, "cvr": 0.06599394188550409, "_prev": {"ctr": 0.12524859068496821, "cvr": 0.06702121753962532}}, "蕾塞(张嘉悦)": {"ctr": 0.08895488496153331, "cvr": 0.05513238938619634, "_prev": {"ctr": 0.08730582811206998, "cvr": 0.05466062940553749}}}, "this_bimonth": {"莱拉(付艺迪)": {"ctr": 0.13791760057501817, "cvr": 0.08603203141910536, "_prev": {"ctr": 0.1344552621609107, "cvr": 0.08701324154269328}}, "诺亚(单恩浩)": {"ctr": 0.13640753393551927, "cvr": 0.08479038336741818, "_prev": {"ctr": 0.13414526582213757, "cvr": 0.08258701144848324}}, "路歌(李红红)": {"ctr": 0.10679337036879047, "cvr": 0.0754501906039236, "_prev": {"ctr": 0.1079645997219938, "cvr": 0.10343735781348658}}, "大门(朱锦程)": {"ctr": 0.11476470168816966, "cvr": 0.0720618828491995, "_prev": {"ctr": 0.12149839411879047, "cvr": 0.0756884631332184}}, "秋罗(胡春秋)": {"ctr": 0.12380726505647797, "cvr": 0.06599394188550409, "_prev": {"ctr": 0.1396049756271514, "cvr": 0.07290087086078932}}, "蕾塞(张嘉悦)": {"ctr": 0.08895488496153331, "cvr": 0.05513238938619634, "_prev": {"ctr": 0.10168450939315933, "cvr": 0.06415097544861552}}}, "last_bimonth": {"路歌(李红红)": {"ctr": 0.11459431494085415, "cvr": 0.09340852798878761, "_prev": {"ctr": 0.12593630429041625, "cvr": 0.10658751102054065}}, "莱拉(付艺迪)": {"ctr": 0.14875302744543217, "cvr": 0.08775241816134023, "_prev": {"ctr": 0.15266494635661493, "cvr": 0.08055469013073892}}, "诺亚(单恩浩)": {"ctr": 0.14700309521465701, "cvr": 0.08393966724859239, "_prev": {"ctr": 0.15873506146138303, "cvr": 0.08303317460673802}}, "大门(朱锦程)": {"ctr": 0.13031338645795434, "cvr": 0.07289223386471269, "_prev": {"ctr": 0.13313860501990152, "cvr": 0.07066034814203805}}, "秋罗(胡春秋)": {"ctr": 0.14461326462419757, "cvr": 0.06910988337120413, "_prev": {"ctr": 0.146692853735866, "cvr": 0.06538431975199809}}, "蕾塞(张嘉悦)": {"ctr": 0.10242634439615482, "cvr": 0.059278613482329524, "_prev": {"ctr": 0.11828214665023702, "cvr": 0.05966941357480431}}}, "yoy_bimonth": {"路歌(李红红)": {"ctr": 0.12593630429041625, "cvr": 0.10658751102054065}, "诺亚(单恩浩)": {"ctr": 0.15873506146138303, "cvr": 0.08303317460673802}, "莱拉(付艺迪)": {"ctr": 0.15266494635661493, "cvr": 0.08055469013073892}, "大门(朱锦程)": {"ctr": 0.13313860501990152, "cvr": 0.07066034814203805}, "秋罗(胡春秋)": {"ctr": 0.146692853735866, "cvr": 0.06538431975199809}, "蕾塞(张嘉悦)": {"ctr": 0.11828214665023702, "cvr": 0.05966941357480431}}}