{"yesterday": {"cvr": 0.04796398292327541, "total_dgmv": 90219770.78000039}, "last_7d": {"cvr": 0.050203688558823706, "total_dgmv": 634152920.8300198}, "last_14d": {"cvr": 0.049486393398457396, "total_dgmv": 1231773510.8701038}, "last_30d": {"cvr": 0.048276081707390256, "total_dgmv": 2564618563.05966}, "this_month": {"cvr": 0.04888099743526247, "total_dgmv": 1384758783.600116}, "this_bimonth": {"cvr": 0.04888099743526247, "total_dgmv": 1384758783.600116}, "last_bimonth": {"cvr": 0.04957849648118622, "total_dgmv": 5234728684.217647}, "yoy_bimonth": {"cvr": 0.043960373301853914, "total_dgmv": 4441177223.178104}}