{"yesterday": {"ctr": 0.11032115297053367, "cvr": 0.05021526601311074, "total_dgmv": 83642991.55}, "last_7d": {"ctr": 0.1821785785392945, "cvr": 0.04939084632756139, "total_dgmv": 611816913.98}, "last_14d": {"ctr": 0.23154399752212174, "cvr": 0.04989621987433655, "total_dgmv": 1242437466.23}, "last_30d": {"ctr": 0.2848331801631707, "cvr": 0.048489854543838376, "total_dgmv": 2560683560.97}, "this_month": {"ctr": 0.2582862505463538, "cvr": 0.04905041731313264, "total_dgmv": 1821183380.83}, "this_bimonth": {"ctr": 0.2582862505463538, "cvr": 0.04905041731313264, "total_dgmv": 1821183380.83}, "last_bimonth": {"ctr": 0.3463505639517094, "cvr": 0.04957849648118622, "total_dgmv": 5234728684.22}, "yoy_bimonth": {"ctr": 0.30870949414132703, "cvr": 0.043960373301853914, "total_dgmv": 4441177223.18}}