{"yesterday": {"莱拉(付艺迪)": {"ctr": 0.12408283835720865, "cvr": 0.09199765385509236, "_prev": {"ctr": 0.11908244787731678, "cvr": 0.08889844218433586}}, "诺亚(单恩浩)": {"ctr": 0.12153173022196927, "cvr": 0.088176614493029, "_prev": {"ctr": 0.12238342914499498, "cvr": 0.088659793814433}}, "大门(朱锦程)": {"ctr": 0.09900055830338678, "cvr": 0.0751836559051649, "_prev": {"ctr": 0.1057239593706433, "cvr": 0.07926668629608394}}, "路歌(李红红)": {"ctr": 0.08916817552455, "cvr": 0.07489407557982905, "_prev": {"ctr": 0.09236203090507726, "cvr": 0.08128970163618865}}, "秋罗(胡春秋)": {"ctr": 0.09624961095549331, "cvr": 0.06375201881392911, "_prev": {"ctr": 0.09695560887822435, "cvr": 0.06507072905331883}}, "蕾塞(张嘉悦)": {"ctr": 0.07448021392591364, "cvr": 0.055812127951854515, "_prev": {"ctr": 0.07582938388625593, "cvr": 0.05523121508673191}}}, "last_7d": {"莱拉(付艺迪)": {"ctr": 0.12883331228592856, "cvr": 0.0886372290931969, "_prev": {"ctr": 0.13164955413901042, "cvr": 0.08622060843649333}}, "诺亚(单恩浩)": {"ctr": 0.1285750682021819, "cvr": 0.0859517566586313, "_prev": {"ctr": 0.12655013117227124, "cvr": 0.0841894793096776}}, "路歌(李红红)": {"ctr": 0.09929059085401332, "cvr": 0.07730853080656207, "_prev": {"ctr": 0.09493842197861686, "cvr": 0.07779399072464106}}, "大门(朱锦程)": {"ctr": 0.10872016991560285, "cvr": 0.07501103204284472, "_prev": {"ctr": 0.10822642129216326, "cvr": 0.07349628178575054}}, "秋罗(胡春秋)": {"ctr": 0.11121200935154424, "cvr": 0.06655471190161921, "_prev": {"ctr": 0.11564957824333046, "cvr": 0.06782591022794544}}, "蕾塞(张嘉悦)": {"ctr": 0.0841044690258214, "cvr": 0.05629528191024821, "_prev": {"ctr": 0.08139294342043904, "cvr": 0.054852412591221}}}, "last_14d": {"莱拉(付艺迪)": {"ctr": 0.13611843540595295, "cvr": 0.08730109379904182, "_prev": {"ctr": 0.1280977349636722, "cvr": 0.08268332233068201}}, "诺亚(单恩浩)": {"ctr": 0.13294137162025177, "cvr": 0.0850174278440035, "_prev": {"ctr": 0.12839870971586123, "cvr": 0.08249380489513174}}, "路歌(李红红)": {"ctr": 0.10326366927052415, "cvr": 0.07754512819857685, "_prev": {"ctr": 0.09549477929556846, "cvr": 0.07289581168235726}}, "大门(朱锦程)": {"ctr": 0.11430800891545032, "cvr": 0.07425428777379013, "_prev": {"ctr": 0.10078398514970195, "cvr": 0.06575682191553567}}, "秋罗(胡春秋)": {"ctr": 0.12046194764711937, "cvr": 0.06722230185871576, "_prev": {"ctr": 0.11097850651906109, "cvr": 0.06319240305718156}}, "蕾塞(张嘉悦)": {"ctr": 0.08692987421270275, "cvr": 0.055591408029709036, "_prev": {"ctr": 0.08249545123220138, "cvr": 0.05402400222383544}}}, "last_30d": {"莱拉(付艺迪)": {"ctr": 0.14122503207354858, "cvr": 0.08601935825206725, "_prev": {"ctr": 0.14257741544183297, "cvr": 0.08854374627956424}}, "诺亚(单恩浩)": {"ctr": 0.13818254281846176, "cvr": 0.08393839472591104, "_prev": {"ctr": 0.1396631479715435, "cvr": 0.08471211216301719}}, "路歌(李红红)": {"ctr": 0.10774802369271982, "cvr": 0.07633004263069085, "_prev": {"ctr": 0.10008774948844773, "cvr": 0.08800297864882736}}, "大门(朱锦程)": {"ctr": 0.11629482184331458, "cvr": 0.0701878329326774, "_prev": {"ctr": 0.11885912124127343, "cvr": 0.07253168836213901}}, "秋罗(胡春秋)": {"ctr": 0.12510244702025525, "cvr": 0.06551522994995314, "_prev": {"ctr": 0.12936940246791903, "cvr": 0.06704657791998589}}, "蕾塞(张嘉悦)": {"ctr": 0.08982827069852141, "cvr": 0.054643773320895525, "_prev": {"ctr": 0.09093877204884668, "cvr": 0.056170186459423996}}}, "this_month": {"莱拉(付艺迪)": {"ctr": 0.13589268304189206, "cvr": 0.08549139777343402, "_prev": {"ctr": 0.13662645691769976, "cvr": 0.08776922300568178}}, "诺亚(单恩浩)": {"ctr": 0.13328128885013904, "cvr": 0.08394038591862063, "_prev": {"ctr": 0.13670429412702484, "cvr": 0.08588248731558226}}, "路歌(李红红)": {"ctr": 0.10497586021917388, "cvr": 0.07593085307140357, "_prev": {"ctr": 0.09589281039350443, "cvr": 0.08989784019783374}}, "大门(朱锦程)": {"ctr": 0.11329413270673862, "cvr": 0.07212703658607295, "_prev": {"ctr": 0.11335362700559361, "cvr": 0.07243141953377305}}, "秋罗(胡春秋)": {"ctr": 0.12021167729321079, "cvr": 0.06527567826501537, "_prev": {"ctr": 0.12296828567647591, "cvr": 0.0668420761563626}}, "蕾塞(张嘉悦)": {"ctr": 0.08758059531219067, "cvr": 0.055279269047726995, "_prev": {"ctr": 0.08627668775491389, "cvr": 0.05512338469872465}}}, "this_bimonth": {"莱拉(付艺迪)": {"ctr": 0.13589268304189206, "cvr": 0.08549139777343402, "_prev": {"ctr": 0.13228660730738073, "cvr": 0.0871395990796047}}, "诺亚(单恩浩)": {"ctr": 0.13328128885013904, "cvr": 0.08394038591862063, "_prev": {"ctr": 0.13298723686683583, "cvr": 0.08302935549498613}}, "路歌(李红红)": {"ctr": 0.10497586021917388, "cvr": 0.07593085307140357, "_prev": {"ctr": 0.10794898457839537, "cvr": 0.10706938048322225}}, "大门(朱锦程)": {"ctr": 0.11329413270673862, "cvr": 0.07212703658607295, "_prev": {"ctr": 0.1211701696703628, "cvr": 0.0768567536604839}}, "秋罗(胡春秋)": {"ctr": 0.12021167729321079, "cvr": 0.06527567826501537, "_prev": {"ctr": 0.13714296146735888, "cvr": 0.07305845278766954}}, "蕾塞(张嘉悦)": {"ctr": 0.08758059531219067, "cvr": 0.055279269047726995, "_prev": {"ctr": 0.10137555638546994, "cvr": 0.06512291335080127}}}, "last_bimonth": {"路歌(李红红)": {"ctr": 0.11459431494085415, "cvr": 0.09340852798878761, "_prev": {"ctr": 0.12593630429041625, "cvr": 0.10658751102054065}}, "莱拉(付艺迪)": {"ctr": 0.14875302744543217, "cvr": 0.08775241816134023, "_prev": {"ctr": 0.15266494635661493, "cvr": 0.08055469013073892}}, "诺亚(单恩浩)": {"ctr": 0.14700309521465701, "cvr": 0.08393966724859239, "_prev": {"ctr": 0.15873506146138303, "cvr": 0.08303317460673802}}, "大门(朱锦程)": {"ctr": 0.13031338645795434, "cvr": 0.07289223386471269, "_prev": {"ctr": 0.13313860501990152, "cvr": 0.07066034814203805}}, "秋罗(胡春秋)": {"ctr": 0.14461326462419757, "cvr": 0.06910988337120413, "_prev": {"ctr": 0.146692853735866, "cvr": 0.06538431975199809}}, "蕾塞(张嘉悦)": {"ctr": 0.10242634439615482, "cvr": 0.059278613482329524, "_prev": {"ctr": 0.11828214665023702, "cvr": 0.05966941357480431}}}, "yoy_bimonth": {"路歌(李红红)": {"ctr": 0.12593630429041625, "cvr": 0.10658751102054065}, "诺亚(单恩浩)": {"ctr": 0.15873506146138303, "cvr": 0.08303317460673802}, "莱拉(付艺迪)": {"ctr": 0.15266494635661493, "cvr": 0.08055469013073892}, "大门(朱锦程)": {"ctr": 0.13313860501990152, "cvr": 0.07066034814203805}, "秋罗(胡春秋)": {"ctr": 0.146692853735866, "cvr": 0.06538431975199809}, "蕾塞(张嘉悦)": {"ctr": 0.11828214665023702, "cvr": 0.05966941357480431}}}