{"yesterday": {"ctr": 0.10478735227151734, "cvr": 0.04733023518253056, "total_dgmv": 82094377.86}, "last_7d": {"ctr": 0.17879510679172048, "cvr": 0.048708376511664174, "total_dgmv": 601410701.23}, "last_14d": {"ctr": 0.22468187049347335, "cvr": 0.04900477100162865, "total_dgmv": 1209559023.53}, "last_30d": {"ctr": 0.28532381845040206, "cvr": 0.04893838651444596, "total_dgmv": 2594317807.13}, "this_month": {"ctr": 0.28532381845040206, "cvr": 0.04893838651444596, "total_dgmv": 2594317807.13}, "this_bimonth": {"ctr": 0.28532381845040206, "cvr": 0.04893838651444596, "total_dgmv": 2594317807.13}, "last_bimonth": {"ctr": 0.3463505639517094, "cvr": 0.04957849648118622, "total_dgmv": 5234728684.22}, "yoy_bimonth": {"ctr": 0.30870949414132703, "cvr": 0.043960373301853914, "total_dgmv": 4441177223.18}}