{"yesterday": {"莱拉(付艺迪)": {"ctr": 0.11442046362909672, "cvr": 0.0842567678875405, "_prev": {"ctr": 0.11686012197521149, "cvr": 0.08635463978857529}}, "诺亚(单恩浩)": {"ctr": 0.10961574275249861, "cvr": 0.08040069759800493, "_prev": {"ctr": 0.10941349700406747, "cvr": 0.08034758701949041}}, "大门(朱锦程)": {"ctr": 0.0966420786083893, "cvr": 0.0746374505614402, "_prev": {"ctr": 0.09783852648398869, "cvr": 0.07541002982035057}}, "秋罗(胡春秋)": {"ctr": 0.10120666062447797, "cvr": 0.0670001235025318, "_prev": {"ctr": 0.10053329109245472, "cvr": 0.06734336356141797}}, "路歌(李红红)": {"ctr": 0.08118937704237772, "cvr": 0.06583437307397441, "_prev": {"ctr": 0.08237444439828853, "cvr": 0.06933510463819458}}, "蕾塞(张嘉悦)": {"ctr": 0.07814225530696552, "cvr": 0.05390954824683368, "_prev": {"ctr": 0.07826980417438956, "cvr": 0.054699068025433326}}}, "last_7d": {"莱拉(付艺迪)": {"ctr": 0.12134881421479576, "cvr": 0.08343673383962208, "_prev": {"ctr": 0.1310814544183398, "cvr": 0.09026023140951576}}, "诺亚(单恩浩)": {"ctr": 0.12161197993427124, "cvr": 0.08204015890310835, "_prev": {"ctr": 0.13021270640917995, "cvr": 0.08603158452274755}}, "大门(朱锦程)": {"ctr": 0.10537039714070655, "cvr": 0.07462817356945407, "_prev": {"ctr": 0.1024884317292953, "cvr": 0.07157586754574095}}, "秋罗(胡春秋)": {"ctr": 0.11359990804165294, "cvr": 0.06673755165911006, "_prev": {"ctr": 0.11687221382140964, "cvr": 0.06818537082232397}}, "路歌(李红红)": {"ctr": 0.08922286734175117, "cvr": 0.06592458119079683, "_prev": {"ctr": 0.09198220687186696, "cvr": 0.06805956909052846}}, "蕾塞(张嘉悦)": {"ctr": 0.08281796457544896, "cvr": 0.05365225427161368, "_prev": {"ctr": 0.08245453941126347, "cvr": 0.05443337150654224}}}, "last_14d": {"莱拉(付艺迪)": {"ctr": 0.13155207624234172, "cvr": 0.08689929522952212, "_prev": {"ctr": 0.1357536151736688, "cvr": 0.0875193304418214}}, "诺亚(单恩浩)": {"ctr": 0.13098632485002049, "cvr": 0.08400657851818534, "_prev": {"ctr": 0.13280488099175666, "cvr": 0.08514914771566219}}, "大门(朱锦程)": {"ctr": 0.10932405410597693, "cvr": 0.07314315038311149, "_prev": {"ctr": 0.1142053063598304, "cvr": 0.07429648533946315}}, "秋罗(胡春秋)": {"ctr": 0.12283931480826459, "cvr": 0.06748287100069178, "_prev": {"ctr": 0.1204576364046537, "cvr": 0.06729470852742638}}, "路歌(李红红)": {"ctr": 0.09645247355103076, "cvr": 0.06708731268107171, "_prev": {"ctr": 0.10368796989155574, "cvr": 0.07758464516704243}}, "蕾塞(张嘉悦)": {"ctr": 0.08678911112814094, "cvr": 0.054066604872392364, "_prev": {"ctr": 0.08726840693359042, "cvr": 0.055753590055148926}}}, "last_30d": {"莱拉(付艺迪)": {"ctr": 0.14183528117469818, "cvr": 0.08719667044513534, "_prev": {"ctr": 0.14017337871579794, "cvr": 0.08654596815182986}}, "诺亚(单恩浩)": {"ctr": 0.1392029036269067, "cvr": 0.08481555172420525, "_prev": {"ctr": 0.13999579030562498, "cvr": 0.08505886186385209}}, "大门(朱锦程)": {"ctr": 0.11976423713346562, "cvr": 0.07360032539425719, "_prev": {"ctr": 0.11476336525130149, "cvr": 0.06959934076835689}}, "路歌(李红红)": {"ctr": 0.10848132597456665, "cvr": 0.07297940936768682, "_prev": {"ctr": 0.10224538126846903, "cvr": 0.08331594467968689}}, "秋罗(胡春秋)": {"ctr": 0.13124980955766594, "cvr": 0.06733668519549646, "_prev": {"ctr": 0.12474168996768102, "cvr": 0.06539089970031534}}, "蕾塞(张嘉悦)": {"ctr": 0.09213186192246035, "cvr": 0.05498281329814405, "_prev": {"ctr": 0.08895490500958206, "cvr": 0.054530523397997355}}}, "this_month": {"莱拉(付艺迪)": {"ctr": 0.12032123735871506, "cvr": 0.08568857670627968, "_prev": {"ctr": 0.1092138664128193, "cvr": 0.0760234424370439}}, "诺亚(单恩浩)": {"ctr": 0.11342295822966338, "cvr": 0.08014120991220228, "_prev": {"ctr": 0.11050601743674782, "cvr": 0.07816294987856039}}, "大门(朱锦程)": {"ctr": 0.10192263455499623, "cvr": 0.07548879989807093, "_prev": {"ctr": 0.08765617021276596, "cvr": 0.06365194227529605}}, "路歌(李红红)": {"ctr": 0.08818442367601247, "cvr": 0.06919110458763833, "_prev": {"ctr": 0.08498538424412411, "cvr": 0.06735759306118873}}, "秋罗(胡春秋)": {"ctr": 0.10526767232013175, "cvr": 0.0660147846099965, "_prev": {"ctr": 0.09264053756262246, "cvr": 0.05776720739505555}}, "蕾塞(张嘉悦)": {"ctr": 0.08194686427433767, "cvr": 0.054625886187214104, "_prev": {"ctr": 0.07325843533992883, "cvr": 0.05284266344475769}}}, "this_bimonth": {"莱拉(付艺迪)": {"ctr": 0.14170603461571576, "cvr": 0.08618857205332818, "_prev": {"ctr": 0.14075499627249224, "cvr": 0.08800531672971042}}, "诺亚(单恩浩)": {"ctr": 0.13898394331489736, "cvr": 0.08417335949700322, "_prev": {"ctr": 0.138351708989782, "cvr": 0.08269686033099571}}, "大门(朱锦程)": {"ctr": 0.11960070784665647, "cvr": 0.0726329064327754, "_prev": {"ctr": 0.12499583787203478, "cvr": 0.07494064460897451}}, "路歌(李红红)": {"ctr": 0.10934564622127478, "cvr": 0.07250891966857384, "_prev": {"ctr": 0.10919004591296068, "cvr": 0.09848117450676268}}, "秋罗(胡春秋)": {"ctr": 0.130607138568866, "cvr": 0.06626071085968563, "_prev": {"ctr": 0.1398285150683429, "cvr": 0.07067130168564051}}, "蕾塞(张嘉悦)": {"ctr": 0.09232275773225371, "cvr": 0.05482124342690494, "_prev": {"ctr": 0.10141226733447849, "cvr": 0.06201396480270669}}}, "last_bimonth": {"路歌(李红红)": {"ctr": 0.11459431494085415, "cvr": 0.09340852798878761, "_prev": {"ctr": 0.12593630429041625, "cvr": 0.10658751102054065}}, "莱拉(付艺迪)": {"ctr": 0.14875302744543217, "cvr": 0.08775241816134023, "_prev": {"ctr": 0.15266494635661493, "cvr": 0.08055469013073892}}, "诺亚(单恩浩)": {"ctr": 0.14700309521465701, "cvr": 0.08393966724859239, "_prev": {"ctr": 0.15873506146138303, "cvr": 0.08303317460673802}}, "大门(朱锦程)": {"ctr": 0.13031338645795434, "cvr": 0.07289223386471269, "_prev": {"ctr": 0.13313860501990152, "cvr": 0.07066034814203805}}, "秋罗(胡春秋)": {"ctr": 0.14461326462419757, "cvr": 0.06910988337120413, "_prev": {"ctr": 0.146692853735866, "cvr": 0.06538431975199809}}, "蕾塞(张嘉悦)": {"ctr": 0.10242634439615482, "cvr": 0.059278613482329524, "_prev": {"ctr": 0.11828214665023702, "cvr": 0.05966941357480431}}}, "yoy_bimonth": {"路歌(李红红)": {"ctr": 0.12593630429041625, "cvr": 0.10658751102054065}, "诺亚(单恩浩)": {"ctr": 0.15873506146138303, "cvr": 0.08303317460673802}, "莱拉(付艺迪)": {"ctr": 0.15266494635661493, "cvr": 0.08055469013073892}, "大门(朱锦程)": {"ctr": 0.13313860501990152, "cvr": 0.07066034814203805}, "秋罗(胡春秋)": {"ctr": 0.146692853735866, "cvr": 0.06538431975199809}, "蕾塞(张嘉悦)": {"ctr": 0.11828214665023702, "cvr": 0.05966941357480431}}}