{"yesterday": {"ctr": 0.11056439019817238, "cvr": 0.04862966671012725, "total_dgmv": 95133484.53}, "last_7d": {"ctr": 0.1870017860394583, "cvr": 0.05017220738907771, "total_dgmv": 636397238.0}, "last_14d": {"ctr": 0.23172383469399405, "cvr": 0.04973273680014949, "total_dgmv": 1250231424.08}, "last_30d": {"ctr": 0.2847454125194647, "cvr": 0.04831430215308728, "total_dgmv": 2576587151.85}, "this_month": {"ctr": 0.24154610064805643, "cvr": 0.0488647518155992, "total_dgmv": 1479892268.13}, "this_bimonth": {"ctr": 0.24154610064805643, "cvr": 0.0488647518155992, "total_dgmv": 1479892268.13}, "last_bimonth": {"ctr": 0.3463505639517094, "cvr": 0.04957849648118622, "total_dgmv": 5234728684.22}, "yoy_bimonth": {"ctr": 0.30870949414132703, "cvr": 0.043960373301853914, "total_dgmv": 4441177223.18}}