{"yesterday": {"ctr": 0.09832310332018467, "cvr": 0.07273467236074256, "total_dgmv": 2132920.629999996}, "last_7d": {"ctr": 0.11611906696150469, "cvr": 0.07491276637078215, "total_dgmv": 15321489.320000032}, "last_14d": {"ctr": 0.1252889293447988, "cvr": 0.07345996246237298, "total_dgmv": 31649955.270000026}, "this_month": {"ctr": 0.13851024522867608, "cvr": 0.07213275414811354, "total_dgmv": 59988894.530000046}, "this_bimonth": {"ctr": 0.15836926584499045, "cvr": 0.07238191872300806, "total_dgmv": 126894047.45999983}}