{"yesterday": {"ctr": 0.10283499776419734, "cvr": 0.07781296991798456, "total_dgmv": 2362124.4299999964}, "last_7d": {"ctr": 0.11384287967512517, "cvr": 0.0736566569703092, "total_dgmv": 14884744.249999993}, "last_14d": {"ctr": 0.1252507368314299, "cvr": 0.07268371437951061, "total_dgmv": 32200790.180000037}, "last_30d": {"ctr": 0.14131624095608314, "cvr": 0.07160179371174508, "total_dgmv": 67935383.71999992}, "this_bimonth": {"ctr": 0.1568062298835489, "cvr": 0.07223589379852528, "total_dgmv": 120164255.57999952}}