{"yesterday": {"ctr": 0.11123881640404357, "cvr": 0.0498418517713959, "total_dgmv": 87068047.42}, "last_7d": {"ctr": 0.18565981877756815, "cvr": 0.04997707315936988, "total_dgmv": 630212474.92}, "last_14d": {"ctr": 0.2330766019969542, "cvr": 0.050008757503433435, "total_dgmv": 1257752623.37}, "last_30d": {"ctr": 0.28525708816621365, "cvr": 0.0484122093435557, "total_dgmv": 2576046189.6}, "this_month": {"ctr": 0.24616972248691268, "cvr": 0.04892029911616603, "total_dgmv": 1566960315.55}, "this_bimonth": {"ctr": 0.24616972248691268, "cvr": 0.04892029911616603, "total_dgmv": 1566960315.55}, "last_bimonth": {"ctr": 0.3463505639517094, "cvr": 0.04957849648118622, "total_dgmv": 5234728684.22}, "yoy_bimonth": {"ctr": 0.30870949414132703, "cvr": 0.043960373301853914, "total_dgmv": 4441177223.18}}