{"yesterday": {"cvr": 0.050579841886036134, "total_dgmv": 88765690.33000466}, "last_7d": {"cvr": 0.05039645983781131, "total_dgmv": 630620552.2500262}, "last_14d": {"cvr": 0.04887894777916308, "total_dgmv": 1209366466.8500645}, "last_30d": {"cvr": 0.04826146137288328, "total_dgmv": 2564167424.8896785}, "this_month": {"cvr": 0.04887894777916308, "total_dgmv": 1209366466.8500645}, "this_bimonth": {"cvr": 0.04887894777916308, "total_dgmv": 1209366466.8500645}, "last_bimonth": {"cvr": 0.04957849648118622, "total_dgmv": 5234728684.217948}, "yoy_bimonth": {"cvr": 0.043960373301853914, "total_dgmv": 4441177223.17834}}