{"yesterday": {"诺亚(单恩浩)": {"ctr": 0.12014646276751972, "cvr": 0.08667332719181015, "_prev": {"ctr": 0.12657511231235619, "cvr": 0.09227681829238628}}, "莱拉(付艺迪)": {"ctr": 0.11306340718105425, "cvr": 0.08503863462681498, "_prev": {"ctr": 0.12324680858947992, "cvr": 0.09246955318565704}}, "秋罗(胡春秋)": {"ctr": 0.1074420383051201, "cvr": 0.07440297735966091, "_prev": {"ctr": 0.1029349073618626, "cvr": 0.06727183992191313}}, "大门(朱锦程)": {"ctr": 0.09190277964280918, "cvr": 0.0721853062850848, "_prev": {"ctr": 0.09706871696299856, "cvr": 0.07531157640358292}}, "路歌(李红红)": {"ctr": 0.08107611307327706, "cvr": 0.07031807602792862, "_prev": {"ctr": 0.08524395931280487, "cvr": 0.07795935234231188}}, "蕾塞(张嘉悦)": {"ctr": 0.06964334579950743, "cvr": 0.050787253167860355, "_prev": {"ctr": 0.07253035772891368, "cvr": 0.05337061849503529}}}, "last_7d": {"莱拉(付艺迪)": {"ctr": 0.12821477036770595, "cvr": 0.08858734682195615, "_prev": {"ctr": 0.12991764686149962, "cvr": 0.08748663519766374}}, "诺亚(单恩浩)": {"ctr": 0.13244143485684076, "cvr": 0.08857120345971689, "_prev": {"ctr": 0.12381769672082939, "cvr": 0.08282179175260078}}, "路歌(李红红)": {"ctr": 0.0988157833727454, "cvr": 0.07720320885923344, "_prev": {"ctr": 0.09540026124276918, "cvr": 0.07572153858390838}}, "大门(朱锦程)": {"ctr": 0.10760818970147294, "cvr": 0.0751892085247383, "_prev": {"ctr": 0.106871274919504, "cvr": 0.07319148261357374}}, "秋罗(胡春秋)": {"ctr": 0.11152407914856252, "cvr": 0.06650636224804313, "_prev": {"ctr": 0.11627934814616196, "cvr": 0.06905564456805426}}, "蕾塞(张嘉悦)": {"ctr": 0.08222103026427083, "cvr": 0.05481789213905812, "_prev": {"ctr": 0.08254248145873372, "cvr": 0.055748451693984534}}}, "last_14d": {"莱拉(付艺迪)": {"ctr": 0.13441673521524253, "cvr": 0.08799442693862342, "_prev": {"ctr": 0.1286710947392355, "cvr": 0.08164738494263196}}, "诺亚(单恩浩)": {"ctr": 0.13320472912739123, "cvr": 0.08558951891453606, "_prev": {"ctr": 0.12838570643830022, "cvr": 0.08272890596061935}}, "路歌(李红红)": {"ctr": 0.10319829552034952, "cvr": 0.07646597471421367, "_prev": {"ctr": 0.09673307800108953, "cvr": 0.07198777170950102}}, "大门(朱锦程)": {"ctr": 0.11297285269247886, "cvr": 0.0741957019190692, "_prev": {"ctr": 0.10430687481751454, "cvr": 0.06819419719032804}}, "秋罗(胡春秋)": {"ctr": 0.1208603880051945, "cvr": 0.06781633523563933, "_prev": {"ctr": 0.11267793036567361, "cvr": 0.06327042605101574}}, "蕾塞(张嘉悦)": {"ctr": 0.0866583641690484, "cvr": 0.055292391330494815, "_prev": {"ctr": 0.08347844697596139, "cvr": 0.054694885073534726}}}, "last_30d": {"莱拉(付艺迪)": {"ctr": 0.13950157225945753, "cvr": 0.08505245785689025, "_prev": {"ctr": 0.14417744298343693, "cvr": 0.08963590687006791}}, "诺亚(单恩浩)": {"ctr": 0.13809976911972832, "cvr": 0.08428184312728818, "_prev": {"ctr": 0.14091434963491906, "cvr": 0.08523679698665602}}, "路歌(李红红)": {"ctr": 0.10771900351695038, "cvr": 0.07485353616942436, "_prev": {"ctr": 0.10099873987510143, "cvr": 0.08829764222366429}}, "大门(朱锦程)": {"ctr": 0.11564962293064271, "cvr": 0.07039097793080505, "_prev": {"ctr": 0.11976135594708429, "cvr": 0.07267822671995258}}, "秋罗(胡春秋)": {"ctr": 0.12538524573781304, "cvr": 0.06564196874274393, "_prev": {"ctr": 0.12774910096142084, "cvr": 0.06648123792374962}}, "蕾塞(张嘉悦)": {"ctr": 0.09005474503680488, "cvr": 0.05488075964092665, "_prev": {"ctr": 0.0903389448342087, "cvr": 0.055594791069079615}}}, "this_month": {"莱拉(付艺迪)": {"ctr": 0.13746050578955463, "cvr": 0.08600042961296926, "_prev": {"ctr": 0.14000899536760653, "cvr": 0.08903192480260337}}, "诺亚(单恩浩)": {"ctr": 0.13577845759995094, "cvr": 0.08473368008839648, "_prev": {"ctr": 0.1386378802747792, "cvr": 0.08585260786265932}}, "路歌(李红红)": {"ctr": 0.10660583244673595, "cvr": 0.07591873217111708, "_prev": {"ctr": 0.09848332902779984, "cvr": 0.08932086044705953}}, "大门(朱锦程)": {"ctr": 0.1148245092667703, "cvr": 0.07238710921597856, "_prev": {"ctr": 0.11560669588985688, "cvr": 0.07230994287237805}}, "秋罗(胡春秋)": {"ctr": 0.12283098276364095, "cvr": 0.06586545797459085, "_prev": {"ctr": 0.12482983280752362, "cvr": 0.06702628379189488}}, "蕾塞(张嘉悦)": {"ctr": 0.08854500825522779, "cvr": 0.0551061903273517, "_prev": {"ctr": 0.08712867988570847, "cvr": 0.054732676016511016}}}, "this_bimonth": {"莱拉(付艺迪)": {"ctr": 0.13746050578955463, "cvr": 0.08600042961296926, "_prev": {"ctr": 0.13362822851212602, "cvr": 0.08686591756151983}}, "诺亚(单恩浩)": {"ctr": 0.13577845759995094, "cvr": 0.08473368008839648, "_prev": {"ctr": 0.13378413835019978, "cvr": 0.08265205511888223}}, "路歌(李红红)": {"ctr": 0.10660583244673595, "cvr": 0.07591873217111708, "_prev": {"ctr": 0.1078967338154498, "cvr": 0.10400616747644602}}, "大门(朱锦程)": {"ctr": 0.1148245092667703, "cvr": 0.07238710921597856, "_prev": {"ctr": 0.1209987720360298, "cvr": 0.07576075485449112}}, "秋罗(胡春秋)": {"ctr": 0.12283098276364095, "cvr": 0.06586545797459085, "_prev": {"ctr": 0.13879660708756997, "cvr": 0.07280010646192295}}, "蕾塞(张嘉悦)": {"ctr": 0.08854500825522779, "cvr": 0.0551061903273517, "_prev": {"ctr": 0.1015903578794938, "cvr": 0.06435528646095258}}}, "last_bimonth": {"路歌(李红红)": {"ctr": 0.11459431494085415, "cvr": 0.09340852798878761, "_prev": {"ctr": 0.12593630429041625, "cvr": 0.10658751102054065}}, "莱拉(付艺迪)": {"ctr": 0.14875302744543217, "cvr": 0.08775241816134023, "_prev": {"ctr": 0.15266494635661493, "cvr": 0.08055469013073892}}, "诺亚(单恩浩)": {"ctr": 0.14700309521465701, "cvr": 0.08393966724859239, "_prev": {"ctr": 0.15873506146138303, "cvr": 0.08303317460673802}}, "大门(朱锦程)": {"ctr": 0.13031338645795434, "cvr": 0.07289223386471269, "_prev": {"ctr": 0.13313860501990152, "cvr": 0.07066034814203805}}, "秋罗(胡春秋)": {"ctr": 0.14461326462419757, "cvr": 0.06910988337120413, "_prev": {"ctr": 0.146692853735866, "cvr": 0.06538431975199809}}, "蕾塞(张嘉悦)": {"ctr": 0.10242634439615482, "cvr": 0.059278613482329524, "_prev": {"ctr": 0.11828214665023702, "cvr": 0.05966941357480431}}}, "yoy_bimonth": {"路歌(李红红)": {"ctr": 0.12593630429041625, "cvr": 0.10658751102054065}, "诺亚(单恩浩)": {"ctr": 0.15873506146138303, "cvr": 0.08303317460673802}, "莱拉(付艺迪)": {"ctr": 0.15266494635661493, "cvr": 0.08055469013073892}, "大门(朱锦程)": {"ctr": 0.13313860501990152, "cvr": 0.07066034814203805}, "秋罗(胡春秋)": {"ctr": 0.146692853735866, "cvr": 0.06538431975199809}, "蕾塞(张嘉悦)": {"ctr": 0.11828214665023702, "cvr": 0.05966941357480431}}}