{"yesterday": {"ctr": 0.10805435995689323, "cvr": 0.04803384342651777, "total_dgmv": 88782812.44}, "last_7d": {"ctr": 0.18141458863547666, "cvr": 0.04929555818537888, "total_dgmv": 608148322.3}, "last_14d": {"ctr": 0.23017168365555504, "cvr": 0.04975548992338349, "total_dgmv": 1242301243.13}, "last_30d": {"ctr": 0.28430470740162733, "cvr": 0.04847886232817935, "total_dgmv": 2561687470.91}, "this_month": {"ctr": 0.26496700929556954, "cvr": 0.0490069423104205, "total_dgmv": 1992907105.9}, "this_bimonth": {"ctr": 0.26496700929556954, "cvr": 0.0490069423104205, "total_dgmv": 1992907105.9}, "last_bimonth": {"ctr": 0.3463505639517094, "cvr": 0.04957849648118622, "total_dgmv": 5234728684.22}, "yoy_bimonth": {"ctr": 0.30870949414132703, "cvr": 0.043960373301853914, "total_dgmv": 4441177223.18}}