{"yesterday": {"诺亚(单恩浩)": {"ctr": 0.11835600209600619, "cvr": 0.08549850306157758, "_prev": {"ctr": 0.11602032137192249, "cvr": 0.08378444505612136}}, "莱拉(付艺迪)": {"ctr": 0.11161300371598318, "cvr": 0.08231472643862188, "_prev": {"ctr": 0.10660520220915731, "cvr": 0.0788727183029107}}, "大门(朱锦程)": {"ctr": 0.09739674593241551, "cvr": 0.07348091065310436, "_prev": {"ctr": 0.10221853942246056, "cvr": 0.0771139692142099}}, "秋罗(胡春秋)": {"ctr": 0.10394529547816177, "cvr": 0.06801905819765572, "_prev": {"ctr": 0.09702766123871151, "cvr": 0.0641543671600536}}, "路歌(李红红)": {"ctr": 0.07673559599140149, "cvr": 0.06276315553724043, "_prev": {"ctr": 0.07751651104531997, "cvr": 0.06443170171857399}}, "蕾塞(张嘉悦)": {"ctr": 0.07442584487659613, "cvr": 0.053550998855935936, "_prev": {"ctr": 0.06986484344932195, "cvr": 0.05004419563936358}}}, "last_7d": {"莱拉(付艺迪)": {"ctr": 0.12729686177674213, "cvr": 0.0873337114093711, "_prev": {"ctr": 0.12913594356105976, "cvr": 0.08925131720582404}}, "诺亚(单恩浩)": {"ctr": 0.1274761367135379, "cvr": 0.0843877047000266, "_prev": {"ctr": 0.13299062805986853, "cvr": 0.08872804923384844}}, "大门(朱锦程)": {"ctr": 0.10435434766277076, "cvr": 0.07310817828874824, "_prev": {"ctr": 0.10617185124349275, "cvr": 0.0741308934986958}}, "秋罗(胡春秋)": {"ctr": 0.11558295519844651, "cvr": 0.06711055040398835, "_prev": {"ctr": 0.1133980552930777, "cvr": 0.06744363775315246}}, "路歌(李红红)": {"ctr": 0.08918562876470447, "cvr": 0.06512023484812568, "_prev": {"ctr": 0.09778748924720147, "cvr": 0.0755194433485724}}, "蕾塞(张嘉悦)": {"ctr": 0.0818480376859406, "cvr": 0.05374986435066602, "_prev": {"ctr": 0.0823620178452192, "cvr": 0.05505496200719114}}}, "last_14d": {"莱拉(付艺迪)": {"ctr": 0.13362019200881003, "cvr": 0.08831444233370699, "_prev": {"ctr": 0.13460232596663424, "cvr": 0.08587554150173991}}, "诺亚(单恩浩)": {"ctr": 0.13583033125727725, "cvr": 0.08658669827792437, "_prev": {"ctr": 0.13109083046951456, "cvr": 0.08381267221235783}}, "大门(朱锦程)": {"ctr": 0.1109142947133457, "cvr": 0.07361110375815201, "_prev": {"ctr": 0.11014899256323821, "cvr": 0.07177823206902158}}, "路歌(李红红)": {"ctr": 0.09912304596101251, "cvr": 0.070321511358256, "_prev": {"ctr": 0.1018317757760897, "cvr": 0.07668834363388649}}, "秋罗(胡春秋)": {"ctr": 0.12197067512117299, "cvr": 0.06727281958087838, "_prev": {"ctr": 0.11974516229243705, "cvr": 0.0668076552033949}}, "蕾塞(张嘉悦)": {"ctr": 0.08606721378187737, "cvr": 0.05435740307854346, "_prev": {"ctr": 0.08567885697364525, "cvr": 0.05542511916086842}}}, "last_30d": {"莱拉(付艺迪)": {"ctr": 0.14068579364467027, "cvr": 0.08630312527742288, "_prev": {"ctr": 0.1413516121641855, "cvr": 0.08745534861712789}}, "诺亚(单恩浩)": {"ctr": 0.13903998963455091, "cvr": 0.08470159539815539, "_prev": {"ctr": 0.14067157013693432, "cvr": 0.08523205616806431}}, "路歌(李红红)": {"ctr": 0.10794247527910023, "cvr": 0.07300257892971551, "_prev": {"ctr": 0.10163783853347319, "cvr": 0.08528007964741828}}, "大门(朱锦程)": {"ctr": 0.11788772701058749, "cvr": 0.07231680244912372, "_prev": {"ctr": 0.11621718673119331, "cvr": 0.07043357033079593}}, "秋罗(胡春秋)": {"ctr": 0.1287149909667097, "cvr": 0.06625230162016439, "_prev": {"ctr": 0.12701241094445126, "cvr": 0.06654132938687743}}, "蕾塞(张嘉悦)": {"ctr": 0.09081411162028953, "cvr": 0.05476840386255837, "_prev": {"ctr": 0.08896039784418339, "cvr": 0.054631454197375896}}}, "this_month": {"莱拉(付艺迪)": {"ctr": 0.14068579364467027, "cvr": 0.08630312527742288, "_prev": {"ctr": 0.1413516121641855, "cvr": 0.08745534861712789}}, "诺亚(单恩浩)": {"ctr": 0.13903998963455091, "cvr": 0.08470159539815539, "_prev": {"ctr": 0.14067157013693432, "cvr": 0.08523205616806431}}, "路歌(李红红)": {"ctr": 0.10794247527910023, "cvr": 0.07300257892971551, "_prev": {"ctr": 0.10163783853347319, "cvr": 0.08528007964741828}}, "大门(朱锦程)": {"ctr": 0.11788772701058749, "cvr": 0.07231680244912372, "_prev": {"ctr": 0.11621718673119331, "cvr": 0.07043357033079593}}, "秋罗(胡春秋)": {"ctr": 0.1287149909667097, "cvr": 0.06625230162016439, "_prev": {"ctr": 0.12701241094445126, "cvr": 0.06654132938687743}}, "蕾塞(张嘉悦)": {"ctr": 0.09081411162028953, "cvr": 0.05476840386255837, "_prev": {"ctr": 0.08896039784418339, "cvr": 0.054631454197375896}}}, "this_bimonth": {"莱拉(付艺迪)": {"ctr": 0.14068579364467027, "cvr": 0.08630312527742288, "_prev": {"ctr": 0.13887527798596863, "cvr": 0.08779644852844223}}, "诺亚(单恩浩)": {"ctr": 0.13903998963455091, "cvr": 0.08470159539815539, "_prev": {"ctr": 0.13722508365073657, "cvr": 0.08276852726666975}}, "路歌(李红红)": {"ctr": 0.10794247527910023, "cvr": 0.07300257892971551, "_prev": {"ctr": 0.1085237441407541, "cvr": 0.09944616247749707}}, "大门(朱锦程)": {"ctr": 0.11788772701058749, "cvr": 0.07231680244912372, "_prev": {"ctr": 0.12397782872001915, "cvr": 0.07527508007176868}}, "秋罗(胡春秋)": {"ctr": 0.1287149909667097, "cvr": 0.06625230162016439, "_prev": {"ctr": 0.13924965070494094, "cvr": 0.07107729433338736}}, "蕾塞(张嘉悦)": {"ctr": 0.09081411162028953, "cvr": 0.05476840386255837, "_prev": {"ctr": 0.10190910648306772, "cvr": 0.06293913924311827}}}, "last_bimonth": {"路歌(李红红)": {"ctr": 0.11459431494085415, "cvr": 0.09340852798878761, "_prev": {"ctr": 0.12593630429041625, "cvr": 0.10658751102054065}}, "莱拉(付艺迪)": {"ctr": 0.14875302744543217, "cvr": 0.08775241816134023, "_prev": {"ctr": 0.15266494635661493, "cvr": 0.08055469013073892}}, "诺亚(单恩浩)": {"ctr": 0.14700309521465701, "cvr": 0.08393966724859239, "_prev": {"ctr": 0.15873506146138303, "cvr": 0.08303317460673802}}, "大门(朱锦程)": {"ctr": 0.13031338645795434, "cvr": 0.07289223386471269, "_prev": {"ctr": 0.13313860501990152, "cvr": 0.07066034814203805}}, "秋罗(胡春秋)": {"ctr": 0.14461326462419757, "cvr": 0.06910988337120413, "_prev": {"ctr": 0.146692853735866, "cvr": 0.06538431975199809}}, "蕾塞(张嘉悦)": {"ctr": 0.10242634439615482, "cvr": 0.059278613482329524, "_prev": {"ctr": 0.11828214665023702, "cvr": 0.05966941357480431}}}, "yoy_bimonth": {"路歌(李红红)": {"ctr": 0.12593630429041625, "cvr": 0.10658751102054065}, "诺亚(单恩浩)": {"ctr": 0.15873506146138303, "cvr": 0.08303317460673802}, "莱拉(付艺迪)": {"ctr": 0.15266494635661493, "cvr": 0.08055469013073892}, "大门(朱锦程)": {"ctr": 0.13313860501990152, "cvr": 0.07066034814203805}, "秋罗(胡春秋)": {"ctr": 0.146692853735866, "cvr": 0.06538431975199809}, "蕾塞(张嘉悦)": {"ctr": 0.11828214665023702, "cvr": 0.05966941357480431}}}