{"yesterday": {"ctr": 0.11159350735594409, "cvr": 0.04953035167906087, "total_dgmv": 89316951.61}, "last_7d": {"ctr": 0.17900454968103194, "cvr": 0.049148852007013376, "total_dgmv": 592258918.54}, "last_14d": {"ctr": 0.2247423737063311, "cvr": 0.04912390625959563, "total_dgmv": 1205531004.52}, "last_30d": {"ctr": 0.2888050322226906, "cvr": 0.04958450199717133, "total_dgmv": 2633863701.62}, "this_month": {"ctr": 0.1442932963521591, "cvr": 0.05011749367824665, "total_dgmv": 261092023.77}, "this_bimonth": {"ctr": 0.2960249345088567, "cvr": 0.04904723471627895, "total_dgmv": 2943071393.8}, "last_bimonth": {"ctr": 0.3463505639517094, "cvr": 0.04957849648118622, "total_dgmv": 5234728684.22}, "yoy_bimonth": {"ctr": 0.30870949414132703, "cvr": 0.043960373301853914, "total_dgmv": 4441177223.18}}