{"yesterday": {"ctr": 0.11099566758320627, "cvr": 0.04934565299220139, "total_dgmv": 88961205.07}, "last_7d": {"ctr": 0.18146615307014843, "cvr": 0.04918421201007706, "total_dgmv": 610585919.11}, "last_14d": {"ctr": 0.22913957033358234, "cvr": 0.04958708263116906, "total_dgmv": 1240798394.03}, "last_30d": {"ctr": 0.2852125241985332, "cvr": 0.048629294630213336, "total_dgmv": 2578393860.22}, "this_month": {"ctr": 0.27200697521414857, "cvr": 0.04899342858675399, "total_dgmv": 2177546234.66}, "this_bimonth": {"ctr": 0.27200697521414857, "cvr": 0.04899342858675399, "total_dgmv": 2177546234.66}, "last_bimonth": {"ctr": 0.3463505639517094, "cvr": 0.04957849648118622, "total_dgmv": 5234728684.22}, "yoy_bimonth": {"ctr": 0.30870949414132703, "cvr": 0.043960373301853914, "total_dgmv": 4441177223.18}}