{"yesterday": {"诺亚(单恩浩)": {"ctr": 0.12148297696613747, "cvr": 0.08765838426947328}, "莱拉(付艺迪)": {"ctr": 0.11722519022179051, "cvr": 0.08691038002122518}, "路歌(李红红)": {"ctr": 0.08957909955817081, "cvr": 0.07894580813470888}, "大门(朱锦程)": {"ctr": 0.10182726974762372, "cvr": 0.07689249153090491}, "秋罗(胡春秋)": {"ctr": 0.0980935461632285, "cvr": 0.06470164786153582}, "蕾塞(张嘉悦)": {"ctr": 0.07668029695502004, "cvr": 0.05639676061888961}}, "last_7d": {"莱拉(付艺迪)": {"ctr": 0.13028953506607951, "cvr": 0.08902645853528518}, "诺亚(单恩浩)": {"ctr": 0.12639628826129215, "cvr": 0.08438142148905217}, "路歌(李红红)": {"ctr": 0.09746013955674464, "cvr": 0.07685986199885156}, "大门(朱锦程)": {"ctr": 0.1072530728842674, "cvr": 0.07394909371384496}, "秋罗(胡春秋)": {"ctr": 0.11431612817380155, "cvr": 0.06819940890524859}, "蕾塞(张嘉悦)": {"ctr": 0.08375673136717872, "cvr": 0.0560772301827389}}, "last_14d": {"莱拉(付艺迪)": {"ctr": 0.13515413900133597, "cvr": 0.08645747144226247}, "诺亚(单恩浩)": {"ctr": 0.13216541702182763, "cvr": 0.08448322599187427}, "路歌(李红红)": {"ctr": 0.10227194844436145, "cvr": 0.07721352673024331}, "大门(朱锦程)": {"ctr": 0.11197814670784491, "cvr": 0.07294387378572628}, "秋罗(胡春秋)": {"ctr": 0.12009795399341344, "cvr": 0.06691460345684966}, "蕾塞(张嘉悦)": {"ctr": 0.08626226648517074, "cvr": 0.05567023464224542}}, "last_30d": {"莱拉(付艺迪)": {"ctr": 0.1405677177394489, "cvr": 0.08573711189467942}, "诺亚(单恩浩)": {"ctr": 0.1379572413586639, "cvr": 0.08363832625216705}, "路歌(李红红)": {"ctr": 0.10672108912473253, "cvr": 0.0765989554668146}, "大门(朱锦程)": {"ctr": 0.114942565603798, "cvr": 0.06926033912058191}, "秋罗(胡春秋)": {"ctr": 0.12554597691826, "cvr": 0.06563011709232236}, "蕾塞(张嘉悦)": {"ctr": 0.08979295520376739, "cvr": 0.05459445508238675}}, "this_month": {"莱拉(付艺迪)": {"ctr": 0.13440358044196624, "cvr": 0.08492690056623013}, "诺亚(单恩浩)": {"ctr": 0.13156684566266041, "cvr": 0.08343122455452122}, "路歌(李红红)": {"ctr": 0.1030057680437605, "cvr": 0.0756604965641348}, "大门(朱锦程)": {"ctr": 0.11117056675995217, "cvr": 0.07148049850176974}, "秋罗(胡春秋)": {"ctr": 0.11923821990910578, "cvr": 0.06536779495316168}, "蕾塞(张嘉悦)": {"ctr": 0.08658555279697458, "cvr": 0.055248125147696024}}, "this_bimonth": {"莱拉(付艺迪)": {"ctr": 0.13440358044196624, "cvr": 0.08492690056623013}, "诺亚(单恩浩)": {"ctr": 0.13156684566266041, "cvr": 0.08343122455452122}, "路歌(李红红)": {"ctr": 0.1030057680437605, "cvr": 0.0756604965641348}, "大门(朱锦程)": {"ctr": 0.11117056675995217, "cvr": 0.07148049850176974}, "秋罗(胡春秋)": {"ctr": 0.11923821990910578, "cvr": 0.06536779495316168}, "蕾塞(张嘉悦)": {"ctr": 0.08658555279697458, "cvr": 0.055248125147696024}}, "last_bimonth": {"路歌(李红红)": {"ctr": 0.11459431494085415, "cvr": 0.09340852798878761}, "莱拉(付艺迪)": {"ctr": 0.14875302744543217, "cvr": 0.08775241816134023}, "诺亚(单恩浩)": {"ctr": 0.14700309521465701, "cvr": 0.08393966724859239}, "大门(朱锦程)": {"ctr": 0.13031338645795434, "cvr": 0.07289223386471269}, "秋罗(胡春秋)": {"ctr": 0.14461326462419757, "cvr": 0.06910988337120413}, "蕾塞(张嘉悦)": {"ctr": 0.10242634439615482, "cvr": 0.059278613482329524}}, "yoy_bimonth": {"路歌(李红红)": {"ctr": 0.12593630429041625, "cvr": 0.10658751102054065}, "诺亚(单恩浩)": {"ctr": 0.15873506146138303, "cvr": 0.08303317460673802}, "莱拉(付艺迪)": {"ctr": 0.15266494635661493, "cvr": 0.08055469013073892}, "大门(朱锦程)": {"ctr": 0.13313860501990152, "cvr": 0.07066034814203805}, "秋罗(胡春秋)": {"ctr": 0.146692853735866, "cvr": 0.06538431975199809}, "蕾塞(张嘉悦)": {"ctr": 0.11828214665023702, "cvr": 0.05966941357480431}}}