{"yesterday": {"ctr": 0.10747050033393103, "cvr": 0.049087137449475224, "total_dgmv": 82940912.63}, "last_7d": {"ctr": 0.18155754069901933, "cvr": 0.04927951614312692, "total_dgmv": 609585280.64}, "last_14d": {"ctr": 0.23062916298756014, "cvr": 0.049797627043378444, "total_dgmv": 1239031314.42}, "last_30d": {"ctr": 0.2845063275484998, "cvr": 0.048478602729334436, "total_dgmv": 2557869953.54}, "this_month": {"ctr": 0.26165805323435837, "cvr": 0.04905197922000398, "total_dgmv": 1904124293.46}, "this_bimonth": {"ctr": 0.26165805323435837, "cvr": 0.04905197922000398, "total_dgmv": 1904124293.46}, "last_bimonth": {"ctr": 0.3463505639517094, "cvr": 0.04957849648118622, "total_dgmv": 5234728684.22}, "yoy_bimonth": {"ctr": 0.30870949414132703, "cvr": 0.043960373301853914, "total_dgmv": 4441177223.18}}