{"yesterday": {"莱拉(付艺迪)": {"ctr": 0.11584717188655091, "cvr": 0.08671656460270659, "_prev": {"ctr": 0.1183121575941252, "cvr": 0.08738945675892959}}, "诺亚(单恩浩)": {"ctr": 0.10598315851676762, "cvr": 0.07978899462143153, "_prev": {"ctr": 0.10694810663058935, "cvr": 0.0799485194540757}}, "大门(朱锦程)": {"ctr": 0.09474567835201653, "cvr": 0.07467426913746968, "_prev": {"ctr": 0.09657340903683795, "cvr": 0.07573770349881613}}, "路歌(李红红)": {"ctr": 0.07776767295876494, "cvr": 0.07328398059927006, "_prev": {"ctr": 0.0830155813533579, "cvr": 0.08219586931433802}}, "秋罗(胡春秋)": {"ctr": 0.099311657555167, "cvr": 0.0662490903420314, "_prev": {"ctr": 0.09628823701719881, "cvr": 0.06520526896244068}}, "蕾塞(张嘉悦)": {"ctr": 0.0792280345352971, "cvr": 0.056569658301758585, "_prev": {"ctr": 0.0788158127991491, "cvr": 0.05483107429158386}}}, "last_14d": {"莱拉(付艺迪)": {"ctr": 0.12729600596096183, "cvr": 0.08122396861817732}, "诺亚(单恩浩)": {"ctr": 0.12128731296990149, "cvr": 0.08093443225216655}, "路歌(李红红)": {"ctr": 0.0959782702290714, "cvr": 0.08054358387560005}, "大门(朱锦程)": {"ctr": 0.11063705021787704, "cvr": 0.07540493531132625}, "秋罗(胡春秋)": {"ctr": 0.11618175621787417, "cvr": 0.06428584818084832}, "蕾塞(张嘉悦)": {"ctr": 0.08963669191114597, "cvr": 0.05434189957243574}}, "last_30d": {"莱拉(付艺迪)": {"ctr": 0.13478501719805888, "cvr": 0.08203076792135668}, "诺亚(单恩浩)": {"ctr": 0.12984376785939766, "cvr": 0.08154764220925835}, "大门(朱锦程)": {"ctr": 0.11827723687048262, "cvr": 0.07479290647662391}, "路歌(李红红)": {"ctr": 0.10275631426283408, "cvr": 0.07338279711791564}, "秋罗(胡春秋)": {"ctr": 0.12960081786359945, "cvr": 0.06606164026452212}, "蕾塞(张嘉悦)": {"ctr": 0.09438584800730673, "cvr": 0.05404723539581036}}, "this_month": {"莱拉(付艺迪)": {"ctr": 0.13397216091409953, "cvr": 0.08210654997399959}, "诺亚(单恩浩)": {"ctr": 0.12785263599121574, "cvr": 0.08128454866215819}, "大门(朱锦程)": {"ctr": 0.11669397155542892, "cvr": 0.07491630832285723}, "路歌(李红红)": {"ctr": 0.10190272809780578, "cvr": 0.07416216163157933}, "秋罗(胡春秋)": {"ctr": 0.12701392147661505, "cvr": 0.0657052651357189}, "蕾塞(张嘉悦)": {"ctr": 0.09390462660871868, "cvr": 0.054189206434004884}}, "last_bimonth": {"路歌(李红红)": {"ctr": 0.11383771029313368, "cvr": 0.10078380748414938}, "莱拉(付艺迪)": {"ctr": 0.15394166033827297, "cvr": 0.08923039222955327}, "诺亚(单恩浩)": {"ctr": 0.14738946749266257, "cvr": 0.08424158581988152}, "大门(朱锦程)": {"ctr": 0.13020622213911126, "cvr": 0.07278602232400729}, "秋罗(胡春秋)": {"ctr": 0.14536691288774384, "cvr": 0.06983543583164122}, "蕾塞(张嘉悦)": {"ctr": 0.10169615051478771, "cvr": 0.058737032810848626}}}