{"yesterday": {"诺亚(单恩浩)": {"ctr": 0.11602032137192249, "cvr": 0.08378444505612136, "_prev": {"ctr": 0.11606256439074647, "cvr": 0.0841810720059694}}, "莱拉(付艺迪)": {"ctr": 0.10660520220915731, "cvr": 0.0788727183029107, "_prev": {"ctr": 0.10855572564135667, "cvr": 0.08045449328589464}}, "大门(朱锦程)": {"ctr": 0.10221853942246056, "cvr": 0.0771139692142099, "_prev": {"ctr": 0.09112538662859862, "cvr": 0.07239275764587577}}, "路歌(李红红)": {"ctr": 0.07751651104531997, "cvr": 0.06443170171857399, "_prev": {"ctr": 0.07433965241749355, "cvr": 0.06296687013311707}}, "秋罗(胡春秋)": {"ctr": 0.09702766123871151, "cvr": 0.0641543671600536, "_prev": {"ctr": 0.10550226333077313, "cvr": 0.06960883615492211}}, "蕾塞(张嘉悦)": {"ctr": 0.06986484344932195, "cvr": 0.05004419563936358, "_prev": {"ctr": 0.06958935391157132, "cvr": 0.05100145064006312}}}, "last_7d": {"莱拉(付艺迪)": {"ctr": 0.1281436954752488, "cvr": 0.08787068790686373, "_prev": {"ctr": 0.12821477036770595, "cvr": 0.08858734682195615}}, "诺亚(单恩浩)": {"ctr": 0.12783495927682806, "cvr": 0.08449947811192492, "_prev": {"ctr": 0.13244143485684076, "cvr": 0.08857120345971689}}, "大门(朱锦程)": {"ctr": 0.10307955733573085, "cvr": 0.07195026061298769, "_prev": {"ctr": 0.10760818970147294, "cvr": 0.0751892085247383}}, "秋罗(胡春秋)": {"ctr": 0.11603841489267297, "cvr": 0.06724868018613665, "_prev": {"ctr": 0.11152407914856252, "cvr": 0.06650636224804313}}, "路歌(李红红)": {"ctr": 0.08963915498068152, "cvr": 0.0653656258089689, "_prev": {"ctr": 0.0988157833727454, "cvr": 0.07720320885923344}}, "蕾塞(张嘉悦)": {"ctr": 0.08202462364129631, "cvr": 0.054014566109700374, "_prev": {"ctr": 0.08222103026427083, "cvr": 0.05481789213905812}}}, "last_14d": {"莱拉(付艺迪)": {"ctr": 0.13358407034300412, "cvr": 0.08823613682842009, "_prev": {"ctr": 0.13414515207668623, "cvr": 0.08551490206870146}}, "诺亚(单恩浩)": {"ctr": 0.1357589245641024, "cvr": 0.08655455501453681, "_prev": {"ctr": 0.13011919391034932, "cvr": 0.08333224612273521}}, "大门(朱锦程)": {"ctr": 0.11083703010221173, "cvr": 0.07351914694900062, "_prev": {"ctr": 0.10956216566201357, "cvr": 0.07140486710494198}}, "路歌(李红红)": {"ctr": 0.09983412387245359, "cvr": 0.07121369233069076, "_prev": {"ctr": 0.1014292085157219, "cvr": 0.0760904893566814}}, "秋罗(胡春秋)": {"ctr": 0.12115996705616172, "cvr": 0.06688749144050267, "_prev": {"ctr": 0.11887401304497082, "cvr": 0.06636837638369678}}, "蕾塞(张嘉悦)": {"ctr": 0.08611283040696997, "cvr": 0.05438839324461986, "_prev": {"ctr": 0.08546727949223025, "cvr": 0.0554140114457868}}}, "last_30d": {"莱拉(付艺迪)": {"ctr": 0.14043115140757687, "cvr": 0.08610250793534689, "_prev": {"ctr": 0.1421578241639482, "cvr": 0.08798896500535108}}, "诺亚(单恩浩)": {"ctr": 0.1384298010048942, "cvr": 0.08442270877749183, "_prev": {"ctr": 0.14111920636642708, "cvr": 0.08538451554874092}}, "路歌(李红红)": {"ctr": 0.1077606830171562, "cvr": 0.07295231061381235, "_prev": {"ctr": 0.10191657786766488, "cvr": 0.0861050995135633}}, "大门(朱锦程)": {"ctr": 0.11756571614595689, "cvr": 0.0721044917312903, "_prev": {"ctr": 0.11668111224622875, "cvr": 0.07064444667696274}}, "秋罗(胡春秋)": {"ctr": 0.12806367757262624, "cvr": 0.06598748115714007, "_prev": {"ctr": 0.12730626855460397, "cvr": 0.0667365323422233}}, "蕾塞(张嘉悦)": {"ctr": 0.090509844343683, "cvr": 0.054711233756131114, "_prev": {"ctr": 0.08908486824981245, "cvr": 0.054667955718978915}}}, "this_month": {"莱拉(付艺迪)": {"ctr": 0.14054851155332226, "cvr": 0.08640569597902015, "_prev": {"ctr": 0.14144293281254058, "cvr": 0.08774529159434706}}, "诺亚(单恩浩)": {"ctr": 0.13868883549614597, "cvr": 0.08467988810652338, "_prev": {"ctr": 0.14084637068562586, "cvr": 0.08544824614302304}}, "路歌(李红红)": {"ctr": 0.10784733598999321, "cvr": 0.0732715002678659, "_prev": {"ctr": 0.1015346645056043, "cvr": 0.08585416821435504}}, "大门(朱锦程)": {"ctr": 0.11749959620975557, "cvr": 0.07227586957500788, "_prev": {"ctr": 0.1161005905403516, "cvr": 0.0705503222870487}}, "秋罗(胡春秋)": {"ctr": 0.12809354423673655, "cvr": 0.06619739676016638, "_prev": {"ctr": 0.1270002931669262, "cvr": 0.06675350311123973}}, "蕾塞(张嘉悦)": {"ctr": 0.09056868973659798, "cvr": 0.05480724548631211, "_prev": {"ctr": 0.08893407864760144, "cvr": 0.05471138813798322}}}, "this_bimonth": {"莱拉(付艺迪)": {"ctr": 0.14054851155332226, "cvr": 0.08640569597902015, "_prev": {"ctr": 0.1382365640980525, "cvr": 0.0876821819593002}}, "诺亚(单恩浩)": {"ctr": 0.13868883549614597, "cvr": 0.08467988810652338, "_prev": {"ctr": 0.13683328634406397, "cvr": 0.08277373643144474}}, "路歌(李红红)": {"ctr": 0.10784733598999321, "cvr": 0.0732715002678659, "_prev": {"ctr": 0.10825353227405497, "cvr": 0.09977440626741052}}, "大门(朱锦程)": {"ctr": 0.11749959620975557, "cvr": 0.07227586957500788, "_prev": {"ctr": 0.12363233730095136, "cvr": 0.07533549159208217}}, "秋罗(胡春秋)": {"ctr": 0.12809354423673655, "cvr": 0.06619739676016638, "_prev": {"ctr": 0.13935593610283922, "cvr": 0.07126732995483319}}, "蕾塞(张嘉悦)": {"ctr": 0.09056868973659798, "cvr": 0.05480724548631211, "_prev": {"ctr": 0.10202226631655241, "cvr": 0.06318671110637163}}}, "last_bimonth": {"路歌(李红红)": {"ctr": 0.11459431494085415, "cvr": 0.09340852798878761, "_prev": {"ctr": 0.12593630429041625, "cvr": 0.10658751102054065}}, "莱拉(付艺迪)": {"ctr": 0.14875302744543217, "cvr": 0.08775241816134023, "_prev": {"ctr": 0.15266494635661493, "cvr": 0.08055469013073892}}, "诺亚(单恩浩)": {"ctr": 0.14700309521465701, "cvr": 0.08393966724859239, "_prev": {"ctr": 0.15873506146138303, "cvr": 0.08303317460673802}}, "大门(朱锦程)": {"ctr": 0.13031338645795434, "cvr": 0.07289223386471269, "_prev": {"ctr": 0.13313860501990152, "cvr": 0.07066034814203805}}, "秋罗(胡春秋)": {"ctr": 0.14461326462419757, "cvr": 0.06910988337120413, "_prev": {"ctr": 0.146692853735866, "cvr": 0.06538431975199809}}, "蕾塞(张嘉悦)": {"ctr": 0.10242634439615482, "cvr": 0.059278613482329524, "_prev": {"ctr": 0.11828214665023702, "cvr": 0.05966941357480431}}}, "yoy_bimonth": {"路歌(李红红)": {"ctr": 0.12593630429041625, "cvr": 0.10658751102054065}, "诺亚(单恩浩)": {"ctr": 0.15873506146138303, "cvr": 0.08303317460673802}, "莱拉(付艺迪)": {"ctr": 0.15266494635661493, "cvr": 0.08055469013073892}, "大门(朱锦程)": {"ctr": 0.13313860501990152, "cvr": 0.07066034814203805}, "秋罗(胡春秋)": {"ctr": 0.146692853735866, "cvr": 0.06538431975199809}, "蕾塞(张嘉悦)": {"ctr": 0.11828214665023702, "cvr": 0.05966941357480431}}}