{"yesterday": {"ctr": 0.10383631030946623, "cvr": 0.04794012275596963, "total_dgmv": 77604832.84}, "last_7d": {"ctr": 0.17993815221173068, "cvr": 0.048796729353051994, "total_dgmv": 608099135.81}, "last_14d": {"ctr": 0.22546935584372851, "cvr": 0.049039649932190996, "total_dgmv": 1217684416.45}, "last_30d": {"ctr": 0.28512660958636327, "cvr": 0.04886758282401732, "total_dgmv": 2582605929.61}, "this_month": {"ctr": 0.2831504092325108, "cvr": 0.04899079621675888, "total_dgmv": 2512223429.27}, "this_bimonth": {"ctr": 0.2831504092325108, "cvr": 0.04899079621675888, "total_dgmv": 2512223429.27}, "last_bimonth": {"ctr": 0.3463505639517094, "cvr": 0.04957849648118622, "total_dgmv": 5234728684.22}, "yoy_bimonth": {"ctr": 0.30870949414132703, "cvr": 0.043960373301853914, "total_dgmv": 4441177223.18}}