{"yesterday": {"ctr": 0.10948080868406608, "cvr": 0.049391277307091676, "total_dgmv": 83769516.33}, "last_7d": {"ctr": 0.184062291810038, "cvr": 0.04967600917506982, "total_dgmv": 621670544.63}, "last_14d": {"ctr": 0.23323903405668875, "cvr": 0.0500828233347708, "total_dgmv": 1252488807.41}, "last_30d": {"ctr": 0.28529844668429966, "cvr": 0.04846357298156404, "total_dgmv": 2566688668.34}, "this_month": {"ctr": 0.2504173342434315, "cvr": 0.04894480507416356, "total_dgmv": 1650729831.88}, "this_bimonth": {"ctr": 0.2504173342434315, "cvr": 0.04894480507416356, "total_dgmv": 1650729831.88}, "last_bimonth": {"ctr": 0.3463505639517094, "cvr": 0.04957849648118622, "total_dgmv": 5234728684.22}, "yoy_bimonth": {"ctr": 0.30870949414132703, "cvr": 0.043960373301853914, "total_dgmv": 4441177223.18}}