{"yesterday": {"莱拉(付艺迪)": {"ctr": 0.11686012197521149, "cvr": 0.08635463978857529, "_prev": {"ctr": 0.11747116616830415, "cvr": 0.08666612474936325}}, "诺亚(单恩浩)": {"ctr": 0.10941349700406747, "cvr": 0.08034758701949041, "_prev": {"ctr": 0.10877013280587737, "cvr": 0.07953031606993387}}, "大门(朱锦程)": {"ctr": 0.09783852648398869, "cvr": 0.07541002982035057, "_prev": {"ctr": 0.09911632473773965, "cvr": 0.07662492711774996}}, "路歌(李红红)": {"ctr": 0.08237444439828853, "cvr": 0.06933510463819458, "_prev": {"ctr": 0.0861348778707744, "cvr": 0.07308484666975233}}, "秋罗(胡春秋)": {"ctr": 0.10053329109245472, "cvr": 0.06734336356141797, "_prev": {"ctr": 0.09728322983076987, "cvr": 0.06422588145364207}}, "蕾塞(张嘉悦)": {"ctr": 0.07826980417438956, "cvr": 0.054699068025433326, "_prev": {"ctr": 0.07767219222334881, "cvr": 0.055391432791728215}}}, "last_7d": {"莱拉(付艺迪)": {"ctr": 0.12246922380125035, "cvr": 0.08401275738713193, "_prev": {"ctr": 0.13147895377577748, "cvr": 0.09083597906807991}}, "诺亚(单恩浩)": {"ctr": 0.12310882713550741, "cvr": 0.0825168571479673, "_prev": {"ctr": 0.13199029878910398, "cvr": 0.08724639508092247}}, "大门(朱锦程)": {"ctr": 0.10478022178059715, "cvr": 0.07437733884064111, "_prev": {"ctr": 0.10324759808508582, "cvr": 0.0718020937479333}}, "秋罗(胡春秋)": {"ctr": 0.11416238248366549, "cvr": 0.0668992541566389, "_prev": {"ctr": 0.11640252365617296, "cvr": 0.06834211259808436}}, "路歌(李红红)": {"ctr": 0.08865581068170127, "cvr": 0.0657743823879746, "_prev": {"ctr": 0.09414773684599118, "cvr": 0.0700286547517908}}, "蕾塞(张嘉悦)": {"ctr": 0.08230023506688172, "cvr": 0.053771332051954106, "_prev": {"ctr": 0.08260729066978212, "cvr": 0.05481528621430589}}}, "last_14d": {"莱拉(付艺迪)": {"ctr": 0.13237405690184165, "cvr": 0.0874920776945159, "_prev": {"ctr": 0.13611843540595295, "cvr": 0.08730109379904182}}, "诺亚(单恩浩)": {"ctr": 0.13289147743573448, "cvr": 0.08490684559673141, "_prev": {"ctr": 0.13294137162025177, "cvr": 0.0850174278440035}}, "大门(朱锦程)": {"ctr": 0.10937401655606485, "cvr": 0.07312593316276628, "_prev": {"ctr": 0.11430800891545032, "cvr": 0.07425428777379013}}, "路歌(李红红)": {"ctr": 0.09720164450687242, "cvr": 0.0680315475248783, "_prev": {"ctr": 0.10326366927052415, "cvr": 0.07754512819857685}}, "秋罗(胡春秋)": {"ctr": 0.12299158039463923, "cvr": 0.06762781515024945, "_prev": {"ctr": 0.12046194764711937, "cvr": 0.06722230185871576}}, "蕾塞(张嘉悦)": {"ctr": 0.0865906339729508, "cvr": 0.05431484742330215, "_prev": {"ctr": 0.08692987421270275, "cvr": 0.055591408029709036}}}, "last_30d": {"莱拉(付艺迪)": {"ctr": 0.14182541142742594, "cvr": 0.08716113079813748, "_prev": {"ctr": 0.14005869306103028, "cvr": 0.08651535710870253}}, "诺亚(单恩浩)": {"ctr": 0.13959341522014315, "cvr": 0.08493370978210404, "_prev": {"ctr": 0.13986434429684932, "cvr": 0.08506931858871702}}, "大门(朱锦程)": {"ctr": 0.11927918537809866, "cvr": 0.07332567039022032, "_prev": {"ctr": 0.11493972314415302, "cvr": 0.06971463393401237}}, "路歌(李红红)": {"ctr": 0.10846170222632553, "cvr": 0.07317695649407369, "_prev": {"ctr": 0.10194459876366019, "cvr": 0.0835657552204569}}, "秋罗(胡春秋)": {"ctr": 0.13071355941537638, "cvr": 0.06707891671690537, "_prev": {"ctr": 0.12522368780818946, "cvr": 0.0656482998971405}}, "蕾塞(张嘉悦)": {"ctr": 0.0917547762213227, "cvr": 0.05501125997992971, "_prev": {"ctr": 0.08902885840496194, "cvr": 0.054598781649540296}}}, "this_month": {"莱拉(付艺迪)": {"ctr": 0.11945345951400442, "cvr": 0.08649724908354474, "_prev": {"ctr": 0.10603987686859948, "cvr": 0.075210674629596}}, "诺亚(单恩浩)": {"ctr": 0.11143925325392476, "cvr": 0.07997621445561102, "_prev": {"ctr": 0.10835561742188358, "cvr": 0.07843963831867058}}, "大门(朱锦程)": {"ctr": 0.10058458870009315, "cvr": 0.07595689743519243, "_prev": {"ctr": 0.08868625793728192, "cvr": 0.06541021837351954}}, "路歌(李红红)": {"ctr": 0.0869212822688159, "cvr": 0.07111501695163507, "_prev": {"ctr": 0.08059842213995536, "cvr": 0.06500742048052625}}, "秋罗(胡春秋)": {"ctr": 0.1019396517261781, "cvr": 0.06558474226063209, "_prev": {"ctr": 0.08674347662473879, "cvr": 0.05516458671242119}}, "蕾塞(张嘉悦)": {"ctr": 0.08017085224858556, "cvr": 0.05501216661100243, "_prev": {"ctr": 0.0717295973574805, "cvr": 0.05291759775321931}}}, "this_bimonth": {"莱拉(付艺迪)": {"ctr": 0.1414945439629453, "cvr": 0.0862508013013275, "_prev": {"ctr": 0.14052911243399127, "cvr": 0.08810130568599454}}, "诺亚(单恩浩)": {"ctr": 0.13916944043656518, "cvr": 0.08433520690287064, "_prev": {"ctr": 0.13811375778364746, "cvr": 0.08272472714180484}}, "路歌(李红红)": {"ctr": 0.10904336105562853, "cvr": 0.07269746319616349, "_prev": {"ctr": 0.10902731520151877, "cvr": 0.09873812309591753}}, "大门(朱锦程)": {"ctr": 0.11910451561519926, "cvr": 0.07256055368431796, "_prev": {"ctr": 0.12484565425581044, "cvr": 0.07502245073024275}}, "秋罗(胡春秋)": {"ctr": 0.1301490504418889, "cvr": 0.06624157611453102, "_prev": {"ctr": 0.13965508453865846, "cvr": 0.07077555228786964}}, "蕾塞(张嘉悦)": {"ctr": 0.09191349653843409, "cvr": 0.054851049568597696, "_prev": {"ctr": 0.10193922867244687, "cvr": 0.06239526836491061}}}, "last_bimonth": {"路歌(李红红)": {"ctr": 0.11459431494085415, "cvr": 0.09340852798878761, "_prev": {"ctr": 0.12593630429041625, "cvr": 0.10658751102054065}}, "莱拉(付艺迪)": {"ctr": 0.14875302744543217, "cvr": 0.08775241816134023, "_prev": {"ctr": 0.15266494635661493, "cvr": 0.08055469013073892}}, "诺亚(单恩浩)": {"ctr": 0.14700309521465701, "cvr": 0.08393966724859239, "_prev": {"ctr": 0.15873506146138303, "cvr": 0.08303317460673802}}, "大门(朱锦程)": {"ctr": 0.13031338645795434, "cvr": 0.07289223386471269, "_prev": {"ctr": 0.13313860501990152, "cvr": 0.07066034814203805}}, "秋罗(胡春秋)": {"ctr": 0.14461326462419757, "cvr": 0.06910988337120413, "_prev": {"ctr": 0.146692853735866, "cvr": 0.06538431975199809}}, "蕾塞(张嘉悦)": {"ctr": 0.10242634439615482, "cvr": 0.059278613482329524, "_prev": {"ctr": 0.11828214665023702, "cvr": 0.05966941357480431}}}, "yoy_bimonth": {"路歌(李红红)": {"ctr": 0.12593630429041625, "cvr": 0.10658751102054065}, "诺亚(单恩浩)": {"ctr": 0.15873506146138303, "cvr": 0.08303317460673802}, "莱拉(付艺迪)": {"ctr": 0.15266494635661493, "cvr": 0.08055469013073892}, "大门(朱锦程)": {"ctr": 0.13313860501990152, "cvr": 0.07066034814203805}, "秋罗(胡春秋)": {"ctr": 0.146692853735866, "cvr": 0.06538431975199809}, "蕾塞(张嘉悦)": {"ctr": 0.11828214665023702, "cvr": 0.05966941357480431}}}