{"yesterday": {"莱拉(付艺迪)": {"ctr": 0.11495691293879103, "cvr": 0.08431581929522523, "_prev": {"ctr": 0.11843759943031167, "cvr": 0.08673538234775117}}, "诺亚(单恩浩)": {"ctr": 0.11008785729844858, "cvr": 0.0814211939681884, "_prev": {"ctr": 0.11115193376931932, "cvr": 0.08307913452618736}}, "大门(朱锦程)": {"ctr": 0.09686306252573879, "cvr": 0.07564101981561167, "_prev": {"ctr": 0.09287425483313834, "cvr": 0.07310086339602437}}, "秋罗(胡春秋)": {"ctr": 0.10868676818109131, "cvr": 0.07357650963438997, "_prev": {"ctr": 0.10160021218283087, "cvr": 0.06572451246605776}}, "路歌(李红红)": {"ctr": 0.07515725925613205, "cvr": 0.061717893463385125, "_prev": {"ctr": 0.07882695715730348, "cvr": 0.06355129254883612}}, "蕾塞(张嘉悦)": {"ctr": 0.07788524214717334, "cvr": 0.05484468617614874, "_prev": {"ctr": 0.07311328747161883, "cvr": 0.052501570023027}}}, "last_7d": {"莱拉(付艺迪)": {"ctr": 0.12260897394866543, "cvr": 0.08330177051369292, "_prev": {"ctr": 0.12134881421479576, "cvr": 0.08343673383962208}}, "诺亚(单恩浩)": {"ctr": 0.1194539457114305, "cvr": 0.08161733107510301, "_prev": {"ctr": 0.12161197993427124, "cvr": 0.08204015890310835}}, "大门(朱锦程)": {"ctr": 0.10265113324848825, "cvr": 0.07306093032495405, "_prev": {"ctr": 0.10537039714070655, "cvr": 0.07462817356945407}}, "秋罗(胡春秋)": {"ctr": 0.11676063891250951, "cvr": 0.06810259095265392, "_prev": {"ctr": 0.11359990804165294, "cvr": 0.06673755165911006}}, "路歌(李红红)": {"ctr": 0.09050618995615334, "cvr": 0.06376965022237227, "_prev": {"ctr": 0.08922286734175117, "cvr": 0.06592458119079683}}, "蕾塞(张嘉悦)": {"ctr": 0.08409269690340436, "cvr": 0.053927582177054345, "_prev": {"ctr": 0.08281796457544896, "cvr": 0.05365225427161368}}}, "last_14d": {"莱拉(付艺迪)": {"ctr": 0.12716631194892064, "cvr": 0.08336412739416628, "_prev": {"ctr": 0.13509299796917518, "cvr": 0.08920247709845727}}, "诺亚(单恩浩)": {"ctr": 0.1251900229806646, "cvr": 0.08179813519004045, "_prev": {"ctr": 0.1359539856518674, "cvr": 0.08666382274145666}}, "大门(朱锦程)": {"ctr": 0.10939684300121225, "cvr": 0.07381872324273067, "_prev": {"ctr": 0.1114062114906223, "cvr": 0.0735326462731382}}, "秋罗(胡春秋)": {"ctr": 0.12215235958006816, "cvr": 0.06737994645799303, "_prev": {"ctr": 0.12086983525322437, "cvr": 0.06703442984113328}}, "路歌(李红红)": {"ctr": 0.09539520186049873, "cvr": 0.06472903686165453, "_prev": {"ctr": 0.10198878023694857, "cvr": 0.0729968398942609}}, "蕾塞(张嘉悦)": {"ctr": 0.08759306318624542, "cvr": 0.05380345463990086, "_prev": {"ctr": 0.08752506803881785, "cvr": 0.0554618793318941}}}, "last_30d": {"莱拉(付艺迪)": {"ctr": 0.13936057182860714, "cvr": 0.08677599542367097, "_prev": {"ctr": 0.14067706680269593, "cvr": 0.08600712606773844}}, "诺亚(单恩浩)": {"ctr": 0.13636487400838357, "cvr": 0.0839342335840146, "_prev": {"ctr": 0.13926208134745127, "cvr": 0.08421873653601271}}, "大门(朱锦程)": {"ctr": 0.1185953709996516, "cvr": 0.0736176749674599, "_prev": {"ctr": 0.1152716762521169, "cvr": 0.06929441759882361}}, "路歌(李红红)": {"ctr": 0.10703354948551731, "cvr": 0.06948620865798538, "_prev": {"ctr": 0.10443630900675994, "cvr": 0.07889611915700165}}, "秋罗(胡春秋)": {"ctr": 0.1317753408138759, "cvr": 0.06759192666038892, "_prev": {"ctr": 0.12537455135627523, "cvr": 0.0655106850434754}}, "蕾塞(张嘉悦)": {"ctr": 0.09292713150077012, "cvr": 0.05464131939606675, "_prev": {"ctr": 0.08964471648112067, "cvr": 0.05454894861415189}}}, "this_month": {"莱拉(付艺迪)": {"ctr": 0.1259536945611285, "cvr": 0.0839896272433371, "_prev": {"ctr": 0.1272092949608898, "cvr": 0.08219157780857039}}, "诺亚(单恩浩)": {"ctr": 0.12146691568756406, "cvr": 0.08120626588517894, "_prev": {"ctr": 0.1261826624138507, "cvr": 0.0827878255212049}}, "大门(朱锦程)": {"ctr": 0.1065631307237104, "cvr": 0.07377949065053419, "_prev": {"ctr": 0.10412169565915325, "cvr": 0.06971602735236196}}, "秋罗(胡春秋)": {"ctr": 0.11875953838858437, "cvr": 0.06742438171122789, "_prev": {"ctr": 0.11097708281351468, "cvr": 0.06354113283161765}}, "路歌(李红红)": {"ctr": 0.09417176363544458, "cvr": 0.06513010559762954, "_prev": {"ctr": 0.09643522813468419, "cvr": 0.0747507736334855}}, "蕾塞(张嘉悦)": {"ctr": 0.08669462265908273, "cvr": 0.054114128821082096, "_prev": {"ctr": 0.08149064773027505, "cvr": 0.05459596065080724}}}, "this_bimonth": {"莱拉(付艺迪)": {"ctr": 0.1430787678070943, "cvr": 0.08568056454990577, "_prev": {"ctr": 0.14330113154145216, "cvr": 0.08797309412406053}}, "诺亚(单恩浩)": {"ctr": 0.1390457508054939, "cvr": 0.08362331998587828, "_prev": {"ctr": 0.14080453157913006, "cvr": 0.08340869975283077}}, "大门(朱锦程)": {"ctr": 0.12171185188728735, "cvr": 0.0727139559545115, "_prev": {"ctr": 0.12687101936454026, "cvr": 0.07480121090314028}}, "路歌(李红红)": {"ctr": 0.11094291242351838, "cvr": 0.07090326618195511, "_prev": {"ctr": 0.11041974180818065, "cvr": 0.09803800550295522}}, "秋罗(胡春秋)": {"ctr": 0.13377975627269184, "cvr": 0.06653176792338449, "_prev": {"ctr": 0.14116315267086554, "cvr": 0.07003987327779357}}, "蕾塞(张嘉悦)": {"ctr": 0.09422345553740273, "cvr": 0.05464371182695431, "_prev": {"ctr": 0.10086224448943641, "cvr": 0.060881284006732275}}}, "last_bimonth": {"路歌(李红红)": {"ctr": 0.11459431494085415, "cvr": 0.09340852798878761, "_prev": {"ctr": 0.12593630429041625, "cvr": 0.10658751102054065}}, "莱拉(付艺迪)": {"ctr": 0.14875302744543217, "cvr": 0.08775241816134023, "_prev": {"ctr": 0.15266494635661493, "cvr": 0.08055469013073892}}, "诺亚(单恩浩)": {"ctr": 0.14700309521465701, "cvr": 0.08393966724859239, "_prev": {"ctr": 0.15873506146138303, "cvr": 0.08303317460673802}}, "大门(朱锦程)": {"ctr": 0.13031338645795434, "cvr": 0.07289223386471269, "_prev": {"ctr": 0.13313860501990152, "cvr": 0.07066034814203805}}, "秋罗(胡春秋)": {"ctr": 0.14461326462419757, "cvr": 0.06910988337120413, "_prev": {"ctr": 0.146692853735866, "cvr": 0.06538431975199809}}, "蕾塞(张嘉悦)": {"ctr": 0.10242634439615482, "cvr": 0.059278613482329524, "_prev": {"ctr": 0.11828214665023702, "cvr": 0.05966941357480431}}}, "yoy_bimonth": {"路歌(李红红)": {"ctr": 0.12593630429041625, "cvr": 0.10658751102054065}, "诺亚(单恩浩)": {"ctr": 0.15873506146138303, "cvr": 0.08303317460673802}, "莱拉(付艺迪)": {"ctr": 0.15266494635661493, "cvr": 0.08055469013073892}, "大门(朱锦程)": {"ctr": 0.13313860501990152, "cvr": 0.07066034814203805}, "秋罗(胡春秋)": {"ctr": 0.146692853735866, "cvr": 0.06538431975199809}, "蕾塞(张嘉悦)": {"ctr": 0.11828214665023702, "cvr": 0.05966941357480431}}}