{"yesterday": {"莱拉(付艺迪)": {"ctr": 0.12350082235322381, "cvr": 0.09199969041046413, "_prev": {"ctr": 0.12408283835720865, "cvr": 0.09199765385509236}}, "诺亚(单恩浩)": {"ctr": 0.12551308134347003, "cvr": 0.09102819098888797, "_prev": {"ctr": 0.12153173022196927, "cvr": 0.088176614493029}}, "路歌(李红红)": {"ctr": 0.09151245508103747, "cvr": 0.07889288671863845, "_prev": {"ctr": 0.08916817552455, "cvr": 0.07489407557982905}}, "大门(朱锦程)": {"ctr": 0.0990049794629854, "cvr": 0.07475470667243381, "_prev": {"ctr": 0.09900055830338678, "cvr": 0.0751836559051649}}, "秋罗(胡春秋)": {"ctr": 0.10343078405843661, "cvr": 0.0692838055606552, "_prev": {"ctr": 0.09624961095549331, "cvr": 0.06375201881392911}}, "蕾塞(张嘉悦)": {"ctr": 0.07699188264496075, "cvr": 0.05767756226393662, "_prev": {"ctr": 0.07448021392591364, "cvr": 0.055812127951854515}}}, "last_7d": {"莱拉(付艺迪)": {"ctr": 0.12812636420745535, "cvr": 0.08820537196653506, "_prev": {"ctr": 0.13175187451407588, "cvr": 0.08697674733091273}}, "诺亚(单恩浩)": {"ctr": 0.1305244634202631, "cvr": 0.08729782947876391, "_prev": {"ctr": 0.12478359908883827, "cvr": 0.08326024817722293}}, "路歌(李红红)": {"ctr": 0.1000154422406332, "cvr": 0.077799941413606, "_prev": {"ctr": 0.09502385872347421, "cvr": 0.07736058864347023}}, "大门(朱锦程)": {"ctr": 0.10911854906937395, "cvr": 0.07552073828625211, "_prev": {"ctr": 0.10764045329806449, "cvr": 0.07309567805789097}}, "秋罗(胡春秋)": {"ctr": 0.11020110181168538, "cvr": 0.06582518228114673, "_prev": {"ctr": 0.11672243441295359, "cvr": 0.06863298522909023}}, "蕾塞(张嘉悦)": {"ctr": 0.0844261914089735, "cvr": 0.056586325589714416, "_prev": {"ctr": 0.08166470491623781, "cvr": 0.05490602395638659}}}, "last_14d": {"莱拉(付艺迪)": {"ctr": 0.1357536151736688, "cvr": 0.0875193304418214, "_prev": {"ctr": 0.12761396919147147, "cvr": 0.08196770111178782}}, "诺亚(单恩浩)": {"ctr": 0.13280488099175666, "cvr": 0.08514914771566219, "_prev": {"ctr": 0.12856919826968058, "cvr": 0.0827591394854903}}, "路歌(李红红)": {"ctr": 0.10368796989155574, "cvr": 0.07758464516704243, "_prev": {"ctr": 0.09574500474964885, "cvr": 0.07207642426980498}}, "大门(朱锦程)": {"ctr": 0.1142053063598304, "cvr": 0.07429648533946315, "_prev": {"ctr": 0.10082091665468992, "cvr": 0.06599489947353535}}, "秋罗(胡春秋)": {"ctr": 0.1204576364046537, "cvr": 0.06729470852742638, "_prev": {"ctr": 0.11145490522003823, "cvr": 0.06332442042147801}}, "蕾塞(张嘉悦)": {"ctr": 0.08726840693359042, "cvr": 0.055753590055148926, "_prev": {"ctr": 0.08280910550675356, "cvr": 0.05434481409639929}}}, "last_30d": {"莱拉(付艺迪)": {"ctr": 0.14099632977041665, "cvr": 0.08587138354195831, "_prev": {"ctr": 0.14312249197655683, "cvr": 0.08891447083314417}}, "诺亚(单恩浩)": {"ctr": 0.13816409338127703, "cvr": 0.08408929525408375, "_prev": {"ctr": 0.1401286667705625, "cvr": 0.084904412728475}}, "路歌(李红红)": {"ctr": 0.10775342572618779, "cvr": 0.07579451401259668, "_prev": {"ctr": 0.10061486842617666, "cvr": 0.08847132535317209}}, "大门(朱锦程)": {"ctr": 0.11616592170295727, "cvr": 0.07026236557303805, "_prev": {"ctr": 0.11950391615922198, "cvr": 0.0727588591956054}}, "秋罗(胡春秋)": {"ctr": 0.12503633958854418, "cvr": 0.0654559705036238, "_prev": {"ctr": 0.12924169213213357, "cvr": 0.06704317278939365}}, "蕾塞(张嘉悦)": {"ctr": 0.09001066306557601, "cvr": 0.05481025145898877, "_prev": {"ctr": 0.09080404484276855, "cvr": 0.05606588930193573}}}, "this_month": {"莱拉(付艺迪)": {"ctr": 0.13663394387545508, "cvr": 0.08576691163541486, "_prev": {"ctr": 0.13761307095354475, "cvr": 0.08810019471621915}}, "诺亚(单恩浩)": {"ctr": 0.13419827219646766, "cvr": 0.08428629719917555, "_prev": {"ctr": 0.1373708106932431, "cvr": 0.0858729867268244}}, "路歌(李红红)": {"ctr": 0.10582833689198946, "cvr": 0.07607284365253136, "_prev": {"ctr": 0.09699460662460851, "cvr": 0.08999967271906721}}, "大门(朱锦程)": {"ctr": 0.11397684622852844, "cvr": 0.0722543990413527, "_prev": {"ctr": 0.11417779203887055, "cvr": 0.07241533905124398}}, "秋罗(胡春秋)": {"ctr": 0.12109919956247074, "cvr": 0.06544573645926778, "_prev": {"ctr": 0.12381427342189515, "cvr": 0.0670102090344161}}, "蕾塞(张嘉悦)": {"ctr": 0.08816281070953969, "cvr": 0.055398562982351934, "_prev": {"ctr": 0.08665034650422543, "cvr": 0.055018596886240084}}}, "this_bimonth": {"莱拉(付艺迪)": {"ctr": 0.13663394387545508, "cvr": 0.08576691163541486, "_prev": {"ctr": 0.13282577599001916, "cvr": 0.08712139114562537}}, "诺亚(单恩浩)": {"ctr": 0.13419827219646766, "cvr": 0.08428629719917555, "_prev": {"ctr": 0.13328060002162445, "cvr": 0.08289621618593783}}, "路歌(李红红)": {"ctr": 0.10582833689198946, "cvr": 0.07607284365253136, "_prev": {"ctr": 0.10816706268516595, "cvr": 0.10627567956911729}}, "大门(朱锦程)": {"ctr": 0.11397684622852844, "cvr": 0.0722543990413527, "_prev": {"ctr": 0.12109218076907609, "cvr": 0.07644678504191538}}, "秋罗(胡春秋)": {"ctr": 0.12109919956247074, "cvr": 0.06544573645926778, "_prev": {"ctr": 0.13741466478171527, "cvr": 0.07285311036326432}}, "蕾塞(张嘉悦)": {"ctr": 0.08816281070953969, "cvr": 0.055398562982351934, "_prev": {"ctr": 0.10153311110283438, "cvr": 0.06489392753373224}}}, "last_bimonth": {"路歌(李红红)": {"ctr": 0.11459431494085415, "cvr": 0.09340852798878761, "_prev": {"ctr": 0.12593630429041625, "cvr": 0.10658751102054065}}, "莱拉(付艺迪)": {"ctr": 0.14875302744543217, "cvr": 0.08775241816134023, "_prev": {"ctr": 0.15266494635661493, "cvr": 0.08055469013073892}}, "诺亚(单恩浩)": {"ctr": 0.14700309521465701, "cvr": 0.08393966724859239, "_prev": {"ctr": 0.15873506146138303, "cvr": 0.08303317460673802}}, "大门(朱锦程)": {"ctr": 0.13031338645795434, "cvr": 0.07289223386471269, "_prev": {"ctr": 0.13313860501990152, "cvr": 0.07066034814203805}}, "秋罗(胡春秋)": {"ctr": 0.14461326462419757, "cvr": 0.06910988337120413, "_prev": {"ctr": 0.146692853735866, "cvr": 0.06538431975199809}}, "蕾塞(张嘉悦)": {"ctr": 0.10242634439615482, "cvr": 0.059278613482329524, "_prev": {"ctr": 0.11828214665023702, "cvr": 0.05966941357480431}}}, "yoy_bimonth": {"路歌(李红红)": {"ctr": 0.12593630429041625, "cvr": 0.10658751102054065}, "诺亚(单恩浩)": {"ctr": 0.15873506146138303, "cvr": 0.08303317460673802}, "莱拉(付艺迪)": {"ctr": 0.15266494635661493, "cvr": 0.08055469013073892}, "大门(朱锦程)": {"ctr": 0.13313860501990152, "cvr": 0.07066034814203805}, "秋罗(胡春秋)": {"ctr": 0.146692853735866, "cvr": 0.06538431975199809}, "蕾塞(张嘉悦)": {"ctr": 0.11828214665023702, "cvr": 0.05966941357480431}}}