{"yesterday": {"莱拉(付艺迪)": {"ctr": 0.11379919616333029, "cvr": 0.08390174611044852, "_prev": {"ctr": 0.11161300371598318, "cvr": 0.08231472643862188}}, "诺亚(单恩浩)": {"ctr": 0.11651807825656266, "cvr": 0.08290882344929036, "_prev": {"ctr": 0.11835600209600619, "cvr": 0.08549850306157758}}, "大门(朱锦程)": {"ctr": 0.09491258165687651, "cvr": 0.07248104739837581, "_prev": {"ctr": 0.09739674593241551, "cvr": 0.07348091065310436}}, "秋罗(胡春秋)": {"ctr": 0.10305486025639253, "cvr": 0.06710668464589592, "_prev": {"ctr": 0.10394529547816177, "cvr": 0.06801905819765572}}, "路歌(李红红)": {"ctr": 0.08167297875843899, "cvr": 0.06438279328644778, "_prev": {"ctr": 0.07673559599140149, "cvr": 0.06276315553724043}}, "蕾塞(张嘉悦)": {"ctr": 0.0792831312970502, "cvr": 0.057179347905870606, "_prev": {"ctr": 0.07442584487659613, "cvr": 0.053550998855935936}}}, "last_7d": {"莱拉(付艺迪)": {"ctr": 0.12497783242495537, "cvr": 0.08580803287565779, "_prev": {"ctr": 0.13061253825081479, "cvr": 0.09031898911247586}}, "诺亚(单恩浩)": {"ctr": 0.12626912235571003, "cvr": 0.08375735789381204, "_prev": {"ctr": 0.1334774297897368, "cvr": 0.08868965883822501}}, "大门(朱锦程)": {"ctr": 0.1044296970834179, "cvr": 0.0733834933177828, "_prev": {"ctr": 0.10494731691404338, "cvr": 0.07321361973363416}}, "秋罗(胡春秋)": {"ctr": 0.11569796175100715, "cvr": 0.06733031766642025, "_prev": {"ctr": 0.11385380739946001, "cvr": 0.06762182831554371}}, "路歌(李红红)": {"ctr": 0.08874094296379523, "cvr": 0.06497188354806235, "_prev": {"ctr": 0.09676862774516606, "cvr": 0.07334433330295739}}, "蕾塞(张嘉悦)": {"ctr": 0.0824671205133836, "cvr": 0.05407215289440677, "_prev": {"ctr": 0.08194858879246626, "cvr": 0.05473465099763869}}}, "last_14d": {"莱拉(付艺迪)": {"ctr": 0.13331164469817816, "cvr": 0.08812651599561651, "_prev": {"ctr": 0.13515413900133597, "cvr": 0.08645747144226247}}, "诺亚(单恩浩)": {"ctr": 0.1354180450275042, "cvr": 0.08626356857142085, "_prev": {"ctr": 0.13216541702182763, "cvr": 0.08448322599187427}}, "大门(朱锦程)": {"ctr": 0.11020948229241873, "cvr": 0.07329978512490208, "_prev": {"ctr": 0.11197814670784491, "cvr": 0.07294387378572628}}, "路歌(李红红)": {"ctr": 0.09849712262970726, "cvr": 0.06925805785616161, "_prev": {"ctr": 0.10227194844436145, "cvr": 0.07721352673024331}}, "秋罗(胡春秋)": {"ctr": 0.1224353833983943, "cvr": 0.06747311880481996, "_prev": {"ctr": 0.12009795399341344, "cvr": 0.06691460345684966}}, "蕾塞(张嘉悦)": {"ctr": 0.08618037371037104, "cvr": 0.05438698431144683, "_prev": {"ctr": 0.08626226648517074, "cvr": 0.05567023464224542}}}, "last_30d": {"莱拉(付艺迪)": {"ctr": 0.1410147847566978, "cvr": 0.08656010801603431, "_prev": {"ctr": 0.14063425949442102, "cvr": 0.08698538054986144}}, "诺亚(单恩浩)": {"ctr": 0.13954632413227658, "cvr": 0.08483724378742429, "_prev": {"ctr": 0.14029862040263194, "cvr": 0.08518637336673782}}, "路歌(李红红)": {"ctr": 0.10821088735178072, "cvr": 0.07307846380408096, "_prev": {"ctr": 0.10153152025593513, "cvr": 0.08459669223206594}}, "大门(朱锦程)": {"ctr": 0.11810817628193579, "cvr": 0.0725121674143956, "_prev": {"ctr": 0.1157897357399244, "cvr": 0.07024150743929321}}, "秋罗(胡春秋)": {"ctr": 0.12971474370553532, "cvr": 0.06667924530506217, "_prev": {"ctr": 0.12607238824916359, "cvr": 0.0660577879783851}}, "蕾塞(张嘉悦)": {"ctr": 0.09115448091203394, "cvr": 0.05490438168265495, "_prev": {"ctr": 0.08855185411373277, "cvr": 0.054419727895447266}}}, "this_month": {"莱拉(付艺迪)": {"ctr": 0.1408605067840728, "cvr": 0.08623589488086926, "_prev": {"ctr": 0.14123706897529356, "cvr": 0.08715771331624798}}, "诺亚(单恩浩)": {"ctr": 0.13932205653690752, "cvr": 0.0846505805086306, "_prev": {"ctr": 0.14054412740544128, "cvr": 0.08507887258805075}}, "路歌(李红红)": {"ctr": 0.1082490667043766, "cvr": 0.07277949837553141, "_prev": {"ctr": 0.10182593460409937, "cvr": 0.08474250989899851}}, "大门(朱锦程)": {"ctr": 0.11813655833733733, "cvr": 0.07232193127293329, "_prev": {"ctr": 0.11630608475473393, "cvr": 0.0703023533188749}}, "秋罗(胡春秋)": {"ctr": 0.1293294071748137, "cvr": 0.06628297720598082, "_prev": {"ctr": 0.1266523060035505, "cvr": 0.06616346022649748}}, "蕾塞(张嘉悦)": {"ctr": 0.09121877600430336, "cvr": 0.05484065096300963, "_prev": {"ctr": 0.08908312775004931, "cvr": 0.05458219226632866}}}, "this_bimonth": {"莱拉(付艺迪)": {"ctr": 0.1408605067840728, "cvr": 0.08623589488086926, "_prev": {"ctr": 0.1396136683692354, "cvr": 0.08800210935435775}}, "诺亚(单恩浩)": {"ctr": 0.13932205653690752, "cvr": 0.0846505805086306, "_prev": {"ctr": 0.13763687691188944, "cvr": 0.08279668341027034}}, "路歌(李红红)": {"ctr": 0.1082490667043766, "cvr": 0.07277949837553141, "_prev": {"ctr": 0.10875037508242646, "cvr": 0.09922260412144451}}, "大门(朱锦程)": {"ctr": 0.11813655833733733, "cvr": 0.07232193127293329, "_prev": {"ctr": 0.12431626835456308, "cvr": 0.07520402519141008}}, "秋罗(胡春秋)": {"ctr": 0.1293294071748137, "cvr": 0.06628297720598082, "_prev": {"ctr": 0.13927156873755586, "cvr": 0.07093789911974023}}, "蕾塞(张嘉悦)": {"ctr": 0.09121877600430336, "cvr": 0.05484065096300963, "_prev": {"ctr": 0.10180156697822661, "cvr": 0.06267725581079948}}}, "last_bimonth": {"路歌(李红红)": {"ctr": 0.11459431494085415, "cvr": 0.09340852798878761, "_prev": {"ctr": 0.12593630429041625, "cvr": 0.10658751102054065}}, "莱拉(付艺迪)": {"ctr": 0.14875302744543217, "cvr": 0.08775241816134023, "_prev": {"ctr": 0.15266494635661493, "cvr": 0.08055469013073892}}, "诺亚(单恩浩)": {"ctr": 0.14700309521465701, "cvr": 0.08393966724859239, "_prev": {"ctr": 0.15873506146138303, "cvr": 0.08303317460673802}}, "大门(朱锦程)": {"ctr": 0.13031338645795434, "cvr": 0.07289223386471269, "_prev": {"ctr": 0.13313860501990152, "cvr": 0.07066034814203805}}, "秋罗(胡春秋)": {"ctr": 0.14461326462419757, "cvr": 0.06910988337120413, "_prev": {"ctr": 0.146692853735866, "cvr": 0.06538431975199809}}, "蕾塞(张嘉悦)": {"ctr": 0.10242634439615482, "cvr": 0.059278613482329524, "_prev": {"ctr": 0.11828214665023702, "cvr": 0.05966941357480431}}}, "yoy_bimonth": {"路歌(李红红)": {"ctr": 0.12593630429041625, "cvr": 0.10658751102054065}, "诺亚(单恩浩)": {"ctr": 0.15873506146138303, "cvr": 0.08303317460673802}, "莱拉(付艺迪)": {"ctr": 0.15266494635661493, "cvr": 0.08055469013073892}, "大门(朱锦程)": {"ctr": 0.13313860501990152, "cvr": 0.07066034814203805}, "秋罗(胡春秋)": {"ctr": 0.146692853735866, "cvr": 0.06538431975199809}, "蕾塞(张嘉悦)": {"ctr": 0.11828214665023702, "cvr": 0.05966941357480431}}}