{"yesterday": {"莱拉(付艺迪)": {"ctr": 0.12351942863204045, "cvr": 0.09125828786729626, "_prev": {"ctr": 0.12698493399088243, "cvr": 0.09389548693586698}}, "诺亚(单恩浩)": {"ctr": 0.11918409886101392, "cvr": 0.08502375841192504, "_prev": {"ctr": 0.12344697924136995, "cvr": 0.08734407321506926}}, "大门(朱锦程)": {"ctr": 0.0967419926681927, "cvr": 0.072098404579223, "_prev": {"ctr": 0.09283257072242077, "cvr": 0.07053098534749294}}, "路歌(李红红)": {"ctr": 0.08525607863424728, "cvr": 0.06997192256539086, "_prev": {"ctr": 0.08344210330039158, "cvr": 0.0654842946130583}}, "秋罗(胡春秋)": {"ctr": 0.10454854963911207, "cvr": 0.06808912446637995, "_prev": {"ctr": 0.10020709293295366, "cvr": 0.06579748067912128}}, "蕾塞(张嘉悦)": {"ctr": 0.08189462902079994, "cvr": 0.058848420094995295, "_prev": {"ctr": 0.0747748923398147, "cvr": 0.05436383504370962}}}, "last_7d": {"莱拉(付艺迪)": {"ctr": 0.13131839791890923, "cvr": 0.09068436704940855, "_prev": {"ctr": 0.12902299212598425, "cvr": 0.08864066751549543}}, "诺亚(单恩浩)": {"ctr": 0.13306068492584788, "cvr": 0.0881554560950285, "_prev": {"ctr": 0.12777168564600028, "cvr": 0.08528667626133987}}, "大门(朱锦程)": {"ctr": 0.1035586953651129, "cvr": 0.07214479237931569, "_prev": {"ctr": 0.1086911330917741, "cvr": 0.07483699282400741}}, "路歌(李红红)": {"ctr": 0.09570393325837813, "cvr": 0.07164567191974561, "_prev": {"ctr": 0.09854117663880806, "cvr": 0.07752393837015313}}, "秋罗(胡春秋)": {"ctr": 0.11552313163699661, "cvr": 0.06806490682016487, "_prev": {"ctr": 0.11311519099068702, "cvr": 0.06768158212989969}}, "蕾塞(张嘉悦)": {"ctr": 0.08306089890285207, "cvr": 0.05539614532971712, "_prev": {"ctr": 0.08397123483604386, "cvr": 0.05608835469598139}}}, "last_14d": {"莱拉(付艺迪)": {"ctr": 0.13557704631192988, "cvr": 0.08960580812021458, "_prev": {"ctr": 0.12957771317276595, "cvr": 0.08210484146133411}}, "诺亚(单恩浩)": {"ctr": 0.13577204560180514, "cvr": 0.08669102844221394, "_prev": {"ctr": 0.12681628662862107, "cvr": 0.08181029023789434}}, "路歌(李红红)": {"ctr": 0.10316059365908979, "cvr": 0.07465508428838255, "_prev": {"ctr": 0.09753701575211686, "cvr": 0.07330300313692269}}, "大门(朱锦程)": {"ctr": 0.11179470556910817, "cvr": 0.07350162125142311, "_prev": {"ctr": 0.10643564537978206, "cvr": 0.06955716254353705}}, "秋罗(胡春秋)": {"ctr": 0.12152765761472872, "cvr": 0.06787258964117572, "_prev": {"ctr": 0.11341305564772902, "cvr": 0.06336727363241708}}, "蕾塞(张嘉悦)": {"ctr": 0.08780192518308834, "cvr": 0.055739603343225703, "_prev": {"ctr": 0.0833488317459696, "cvr": 0.05466515050505903}}}, "last_30d": {"莱拉(付艺迪)": {"ctr": 0.14014090365099044, "cvr": 0.08549430132732176, "_prev": {"ctr": 0.14309112794299647, "cvr": 0.08889299104591473}}, "诺亚(单恩浩)": {"ctr": 0.13815611638972128, "cvr": 0.08429658470840393, "_prev": {"ctr": 0.1412374331604211, "cvr": 0.08540813768280334}}, "路歌(李红红)": {"ctr": 0.10818002664116294, "cvr": 0.07372539553915737, "_prev": {"ctr": 0.10132056813804667, "cvr": 0.08754736709371068}}, "大门(朱锦程)": {"ctr": 0.11679404308040017, "cvr": 0.07128596529457683, "_prev": {"ctr": 0.11747763402392832, "cvr": 0.0712222106741626}}, "秋罗(胡春秋)": {"ctr": 0.12670946542285963, "cvr": 0.06574944102517792, "_prev": {"ctr": 0.12699952373577467, "cvr": 0.06649237936228032}}, "蕾塞(张嘉悦)": {"ctr": 0.09083836191653234, "cvr": 0.05525056472222877, "_prev": {"ctr": 0.089634099378514, "cvr": 0.05504873126128452}}}, "this_month": {"莱拉(付艺迪)": {"ctr": 0.1393958068146984, "cvr": 0.0865233435956092, "_prev": {"ctr": 0.1408517981859139, "cvr": 0.08868177389795286}}, "诺亚(单恩浩)": {"ctr": 0.13762293323367178, "cvr": 0.08489576123566177, "_prev": {"ctr": 0.1400567664085553, "cvr": 0.08582899593524848}}, "路歌(李红红)": {"ctr": 0.10761217676131973, "cvr": 0.07477226290034464, "_prev": {"ctr": 0.0999538857890161, "cvr": 0.08798846595428834}}, "大门(朱锦程)": {"ctr": 0.11568462908931292, "cvr": 0.07200061158616503, "_prev": {"ctr": 0.11494961160594219, "cvr": 0.07093766474920885}}, "秋罗(胡春秋)": {"ctr": 0.12549855691557396, "cvr": 0.06607680657407838, "_prev": {"ctr": 0.12588319826121966, "cvr": 0.06698883409477001}}, "蕾塞(张嘉悦)": {"ctr": 0.08999751533215193, "cvr": 0.05529131029602678, "_prev": {"ctr": 0.08779173274784306, "cvr": 0.054563688982305014}}}, "this_bimonth": {"莱拉(付艺迪)": {"ctr": 0.1393958068146984, "cvr": 0.0865233435956092, "_prev": {"ctr": 0.13626918860266227, "cvr": 0.08751784301335831}}, "诺亚(单恩浩)": {"ctr": 0.13762293323367178, "cvr": 0.08489576123566177, "_prev": {"ctr": 0.1353832642003312, "cvr": 0.08276925276914503}}, "路歌(李红红)": {"ctr": 0.10761217676131973, "cvr": 0.07477226290034464, "_prev": {"ctr": 0.10799818878454506, "cvr": 0.10198671259676806}}, "大门(朱锦程)": {"ctr": 0.11568462908931292, "cvr": 0.07200061158616503, "_prev": {"ctr": 0.12243401398525113, "cvr": 0.07565442534992255}}, "秋罗(胡春秋)": {"ctr": 0.12549855691557396, "cvr": 0.06607680657407838, "_prev": {"ctr": 0.14031654102646385, "cvr": 0.07262623837709957}}, "蕾塞(张嘉悦)": {"ctr": 0.08999751533215193, "cvr": 0.05529131029602678, "_prev": {"ctr": 0.10192169783573532, "cvr": 0.06376989717404068}}}, "last_bimonth": {"路歌(李红红)": {"ctr": 0.11459431494085415, "cvr": 0.09340852798878761, "_prev": {"ctr": 0.12593630429041625, "cvr": 0.10658751102054065}}, "莱拉(付艺迪)": {"ctr": 0.14875302744543217, "cvr": 0.08775241816134023, "_prev": {"ctr": 0.15266494635661493, "cvr": 0.08055469013073892}}, "诺亚(单恩浩)": {"ctr": 0.14700309521465701, "cvr": 0.08393966724859239, "_prev": {"ctr": 0.15873506146138303, "cvr": 0.08303317460673802}}, "大门(朱锦程)": {"ctr": 0.13031338645795434, "cvr": 0.07289223386471269, "_prev": {"ctr": 0.13313860501990152, "cvr": 0.07066034814203805}}, "秋罗(胡春秋)": {"ctr": 0.14461326462419757, "cvr": 0.06910988337120413, "_prev": {"ctr": 0.146692853735866, "cvr": 0.06538431975199809}}, "蕾塞(张嘉悦)": {"ctr": 0.10242634439615482, "cvr": 0.059278613482329524, "_prev": {"ctr": 0.11828214665023702, "cvr": 0.05966941357480431}}}, "yoy_bimonth": {"路歌(李红红)": {"ctr": 0.12593630429041625, "cvr": 0.10658751102054065}, "诺亚(单恩浩)": {"ctr": 0.15873506146138303, "cvr": 0.08303317460673802}, "莱拉(付艺迪)": {"ctr": 0.15266494635661493, "cvr": 0.08055469013073892}, "大门(朱锦程)": {"ctr": 0.13313860501990152, "cvr": 0.07066034814203805}, "秋罗(胡春秋)": {"ctr": 0.146692853735866, "cvr": 0.06538431975199809}, "蕾塞(张嘉悦)": {"ctr": 0.11828214665023702, "cvr": 0.05966941357480431}}}