{"yesterday": {"路歌(李红红)": {"ctr": 0.09092144340703069, "cvr": 0.09498731040070538, "_prev": {"ctr": 0.08460814790575916, "cvr": 0.08598867336466952}}, "莱拉(付艺迪)": {"ctr": 0.12075381465485033, "cvr": 0.08832908492347702, "_prev": {"ctr": 0.12389676943946676, "cvr": 0.08999645142458132}}, "诺亚(单恩浩)": {"ctr": 0.10856580157814949, "cvr": 0.08021295944764747, "_prev": {"ctr": 0.10940373184325689, "cvr": 0.08018383137156043}}, "大门(朱锦程)": {"ctr": 0.09802048356959216, "cvr": 0.07661756785237571, "_prev": {"ctr": 0.09865034526051475, "cvr": 0.07658582723249045}}, "秋罗(胡春秋)": {"ctr": 0.09574751083073649, "cvr": 0.06445801660881409, "_prev": {"ctr": 0.09514081145584725, "cvr": 0.06342361815695444}}, "蕾塞(张嘉悦)": {"ctr": 0.08022282080882488, "cvr": 0.055865417184148135, "_prev": {"ctr": 0.08062679712074722, "cvr": 0.05668398677373642}}}, "last_7d": {"莱拉(付艺迪)": {"ctr": 0.12462696213700816, "cvr": 0.0832956049614825, "_prev": {"ctr": 0.11816199964229954, "cvr": 0.07765338963790588}}, "路歌(李红红)": {"ctr": 0.08974777868538183, "cvr": 0.08219952005996453, "_prev": {"ctr": 0.08869972295623074, "cvr": 0.07259437531947538}}, "诺亚(单恩浩)": {"ctr": 0.11551522190615865, "cvr": 0.080030052685531, "_prev": {"ctr": 0.12008875710206071, "cvr": 0.0832258860622422}}, "大门(朱锦程)": {"ctr": 0.10373111706158743, "cvr": 0.07481882721284865, "_prev": {"ctr": 0.10657670428224655, "cvr": 0.07611189783569149}}, "秋罗(胡春秋)": {"ctr": 0.10785481588732765, "cvr": 0.06366354968950196, "_prev": {"ctr": 0.11351416680353651, "cvr": 0.0662087485641551}}, "蕾塞(张嘉悦)": {"ctr": 0.0846734535696374, "cvr": 0.05410570363224669, "_prev": {"ctr": 0.08444541299398416, "cvr": 0.05378730774782288}}}, "last_14d": {"诺亚(单恩浩)": {"ctr": 0.12276378388004745, "cvr": 0.08179622409379156, "_prev": {"ctr": 0.12552924612180028, "cvr": 0.0818678921131024}}, "莱拉(付艺迪)": {"ctr": 0.1265793029691102, "cvr": 0.08024332455780624, "_prev": {"ctr": 0.1275239874453912, "cvr": 0.08361720061580044}}, "路歌(李红红)": {"ctr": 0.09440275219840862, "cvr": 0.07702255997159857, "_prev": {"ctr": 0.09591667039011169, "cvr": 0.06611215901387463}}, "大门(朱锦程)": {"ctr": 0.11064071971167388, "cvr": 0.07550456719458461, "_prev": {"ctr": 0.10911205536405841, "cvr": 0.07361369522991072}}, "秋罗(胡春秋)": {"ctr": 0.11774537609803672, "cvr": 0.06496954191809452, "_prev": {"ctr": 0.1233280739205313, "cvr": 0.06767127969116572}}, "蕾塞(张嘉悦)": {"ctr": 0.0889354118389196, "cvr": 0.05393599588316603, "_prev": {"ctr": 0.08743025415906443, "cvr": 0.0538081056676564}}}, "last_30d": {"莱拉(付艺迪)": {"ctr": 0.1353469348515459, "cvr": 0.08251486144530347, "_prev": {"ctr": 0.13963783875988828, "cvr": 0.08496794012130444}}, "诺亚(单恩浩)": {"ctr": 0.1309794147117675, "cvr": 0.08193995521465555, "_prev": {"ctr": 0.13758103548275577, "cvr": 0.08415561075231508}}, "大门(朱锦程)": {"ctr": 0.11804912459059799, "cvr": 0.07442637015078156, "_prev": {"ctr": 0.11580754176319295, "cvr": 0.07067760503846403}}, "路歌(李红红)": {"ctr": 0.10277965399766308, "cvr": 0.07201111141196874, "_prev": {"ctr": 0.10833202634880804, "cvr": 0.07787353843137446}}, "秋罗(胡春秋)": {"ctr": 0.13070744679424906, "cvr": 0.06640643659449658, "_prev": {"ctr": 0.12490393190577911, "cvr": 0.06433496566592743}}, "蕾塞(张嘉悦)": {"ctr": 0.09392721575003442, "cvr": 0.05400564655643662, "_prev": {"ctr": 0.09011055566771438, "cvr": 0.05477940990906042}}}, "this_month": {"莱拉(付艺迪)": {"ctr": 0.13208849706188075, "cvr": 0.08166515603378405, "_prev": {"ctr": 0.1378748478265856, "cvr": 0.08594778190091085}}, "诺亚(单恩浩)": {"ctr": 0.12726195148243286, "cvr": 0.08153076893443414, "_prev": {"ctr": 0.13548520561228022, "cvr": 0.08446878872018625}}, "大门(朱锦程)": {"ctr": 0.11509950823459521, "cvr": 0.07472427927718799, "_prev": {"ctr": 0.11411088610766544, "cvr": 0.07166656561331176}}, "路歌(李红红)": {"ctr": 0.10039730249378581, "cvr": 0.07302778638456091, "_prev": {"ctr": 0.10754968346964176, "cvr": 0.0797866498808025}}, "秋罗(胡春秋)": {"ctr": 0.12583806422401783, "cvr": 0.06576740006937849, "_prev": {"ctr": 0.12262596950787609, "cvr": 0.0650015445271548}}, "蕾塞(张嘉悦)": {"ctr": 0.09241990544313426, "cvr": 0.05397579835778285, "_prev": {"ctr": 0.08866798824220484, "cvr": 0.05494846443814145}}}, "this_bimonth": {"莱拉(付艺迪)": {"ctr": 0.14532886206419934, "cvr": 0.08421453659774154, "_prev": {"ctr": 0.15344089094201582, "cvr": 0.09012388955367145}}, "诺亚(单恩浩)": {"ctr": 0.13946728901509942, "cvr": 0.08302304342066867, "_prev": {"ctr": 0.14616636070120279, "cvr": 0.08434819758831152}}, "路歌(李红红)": {"ctr": 0.11282196842014403, "cvr": 0.07499737173579732, "_prev": {"ctr": 0.11259885331375126, "cvr": 0.10314587790441179}}, "大门(朱锦程)": {"ctr": 0.12569118834532633, "cvr": 0.07323834885462764, "_prev": {"ctr": 0.129658434222508, "cvr": 0.07361224223790239}}, "秋罗(胡春秋)": {"ctr": 0.1368075667698526, "cvr": 0.06586282407234799, "_prev": {"ctr": 0.14508683931305158, "cvr": 0.07067785817017855}}, "蕾塞(张嘉悦)": {"ctr": 0.09728557093513895, "cvr": 0.05438004670466073, "_prev": {"ctr": 0.10125312810926523, "cvr": 0.05917816426681931}}}, "last_bimonth": {"路歌(李红红)": {"ctr": 0.11383771029313368, "cvr": 0.10078380748414938, "_prev": {"ctr": 0.12647173681931206, "cvr": 0.11215159834103615}}, "莱拉(付艺迪)": {"ctr": 0.15394166033827297, "cvr": 0.08923039222955327, "_prev": {"ctr": 0.1525041718264862, "cvr": 0.07990016888391105}}, "诺亚(单恩浩)": {"ctr": 0.14738946749266257, "cvr": 0.08424158581988152, "_prev": {"ctr": 0.15868593603330766, "cvr": 0.08300165242278297}}, "大门(朱锦程)": {"ctr": 0.13020622213911126, "cvr": 0.07278602232400729, "_prev": {"ctr": 0.13295880012682967, "cvr": 0.07053219638654414}}, "秋罗(胡春秋)": {"ctr": 0.14536691288774384, "cvr": 0.06983543583164122, "_prev": {"ctr": 0.14382203062296434, "cvr": 0.06635216432421145}}, "蕾塞(张嘉悦)": {"ctr": 0.10169615051478771, "cvr": 0.058737032810848626, "_prev": {"ctr": 0.11791998149627539, "cvr": 0.05945473549046804}}}, "yoy_bimonth": {"路歌(李红红)": {"ctr": 0.12647173681931206, "cvr": 0.11215159834103615}, "诺亚(单恩浩)": {"ctr": 0.15868593603330766, "cvr": 0.08300165242278297}, "莱拉(付艺迪)": {"ctr": 0.1525041718264862, "cvr": 0.07990016888391105}, "大门(朱锦程)": {"ctr": 0.13295880012682967, "cvr": 0.07053219638654414}, "秋罗(胡春秋)": {"ctr": 0.14382203062296434, "cvr": 0.06635216432421145}, "蕾塞(张嘉悦)": {"ctr": 0.11791998149627539, "cvr": 0.05945473549046804}}}