{"last_30d": {"ctr": 0.2872739956916837, "cvr": 0.04911070892162232, "total_dgmv": 2621568617.75}, "this_month": {"ctr": 0.20507396879217935, "cvr": 0.04865574199022622, "total_dgmv": 876337088.35}, "last_bimonth": {"ctr": 0.3463505639517094, "cvr": 0.04957849648118622, "total_dgmv": 5234728684.22}, "yoy_bimonth": {"ctr": 0.30870949414132703, "cvr": 0.043960373301853914, "total_dgmv": 4441177223.18}}