{"yesterday": {"莱拉(付艺迪)": {"ctr": 0.11908244787731678, "cvr": 0.08889844218433586}, "诺亚(单恩浩)": {"ctr": 0.12238342914499498, "cvr": 0.088659793814433}, "路歌(李红红)": {"ctr": 0.09236203090507726, "cvr": 0.08128970163618865}, "大门(朱锦程)": {"ctr": 0.1057239593706433, "cvr": 0.07926668629608394}, "秋罗(胡春秋)": {"ctr": 0.09695560887822435, "cvr": 0.06507072905331883}, "蕾塞(张嘉悦)": {"ctr": 0.07582938388625593, "cvr": 0.05523121508673191}}, "last_7d": {"莱拉(付艺迪)": {"ctr": 0.12902299212598425, "cvr": 0.08864066751549543}, "诺亚(单恩浩)": {"ctr": 0.12777168564600028, "cvr": 0.08528667626133987}, "路歌(李红红)": {"ctr": 0.09854117663880806, "cvr": 0.07752393837015313}, "大门(朱锦程)": {"ctr": 0.1086911330917741, "cvr": 0.07483699282400741}, "秋罗(胡春秋)": {"ctr": 0.11311519099068702, "cvr": 0.06768158212989969}, "蕾塞(张嘉悦)": {"ctr": 0.08397123483604386, "cvr": 0.05608835469598139}}, "last_14d": {"莱拉(付艺迪)": {"ctr": 0.1354858651298324, "cvr": 0.08683927443184593}, "诺亚(单恩浩)": {"ctr": 0.13285881895065182, "cvr": 0.08492780871508962}, "路歌(李红红)": {"ctr": 0.10312053050303494, "cvr": 0.07784601229751612}, "大门(朱锦程)": {"ctr": 0.1136020316570703, "cvr": 0.07387582273027808}, "秋罗(胡春秋)": {"ctr": 0.12063962200067928, "cvr": 0.06731442826998195}, "蕾塞(张嘉悦)": {"ctr": 0.08673637964526261, "cvr": 0.05570387248623936}}, "last_30d": {"莱拉(付艺迪)": {"ctr": 0.14089130558058358, "cvr": 0.08588243982725392}, "诺亚(单恩浩)": {"ctr": 0.13815090619260018, "cvr": 0.08382544670877513}, "路歌(李红红)": {"ctr": 0.10738848018204772, "cvr": 0.07672549682990734}, "大门(朱锦程)": {"ctr": 0.11586155620817376, "cvr": 0.06987927657312482}, "秋罗(胡春秋)": {"ctr": 0.12549490405129704, "cvr": 0.0656890696803404}, "蕾塞(张嘉悦)": {"ctr": 0.08981374948701414, "cvr": 0.054600500939545805}}, "this_month": {"莱拉(付艺迪)": {"ctr": 0.1349697178692448, "cvr": 0.08513795178586137}, "诺亚(单恩浩)": {"ctr": 0.13246643444532943, "cvr": 0.08371058068497854}, "路歌(李红红)": {"ctr": 0.10410828436753405, "cvr": 0.07599551532175962}, "大门(朱锦程)": {"ctr": 0.11250204885631827, "cvr": 0.07194368627846247}, "秋罗(胡春秋)": {"ctr": 0.11976535258480366, "cvr": 0.06535224610524477}, "蕾塞(张嘉悦)": {"ctr": 0.08709921282518959, "cvr": 0.05524717333812455}}, "this_bimonth": {"莱拉(付艺迪)": {"ctr": 0.1349697178692448, "cvr": 0.08513795178586137}, "诺亚(单恩浩)": {"ctr": 0.13246643444532943, "cvr": 0.08371058068497854}, "路歌(李红红)": {"ctr": 0.10410828436753405, "cvr": 0.07599551532175962}, "大门(朱锦程)": {"ctr": 0.11250204885631827, "cvr": 0.07194368627846247}, "秋罗(胡春秋)": {"ctr": 0.11976535258480366, "cvr": 0.06535224610524477}, "蕾塞(张嘉悦)": {"ctr": 0.08709921282518959, "cvr": 0.05524717333812455}}, "last_bimonth": {"路歌(李红红)": {"ctr": 0.11459431494085415, "cvr": 0.09340852798878761}, "莱拉(付艺迪)": {"ctr": 0.14875302744543217, "cvr": 0.08775241816134023}, "诺亚(单恩浩)": {"ctr": 0.14700309521465701, "cvr": 0.08393966724859239}, "大门(朱锦程)": {"ctr": 0.13031338645795434, "cvr": 0.07289223386471269}, "秋罗(胡春秋)": {"ctr": 0.14461326462419757, "cvr": 0.06910988337120413}, "蕾塞(张嘉悦)": {"ctr": 0.10242634439615482, "cvr": 0.059278613482329524}}, "yoy_bimonth": {"路歌(李红红)": {"ctr": 0.12593630429041625, "cvr": 0.10658751102054065}, "诺亚(单恩浩)": {"ctr": 0.15873506146138303, "cvr": 0.08303317460673802}, "莱拉(付艺迪)": {"ctr": 0.15266494635661493, "cvr": 0.08055469013073892}, "大门(朱锦程)": {"ctr": 0.13313860501990152, "cvr": 0.07066034814203805}, "秋罗(胡春秋)": {"ctr": 0.146692853735866, "cvr": 0.06538431975199809}, "蕾塞(张嘉悦)": {"ctr": 0.11828214665023702, "cvr": 0.05966941357480431}}}